,item_loc,raw_title,view_price,view_sales,province,city,sales
0,上海,【RiCO联名限定】RIO锐澳鸡尾酒微醺3度桃花米酿10罐低度气泡果酒,99.00元,7000+人付款,上海,上海,7000
1,上海,RIO锐澳预调鸡尾酒微醺小美好3度16口味330ml*20罐果酒低度气泡酒,198.00元,2000+人付款,上海,上海,2000
2,上海,RIO锐澳清爽5度微甜气泡鸡尾酒330ml×9罐+气泡水*1罐,58.80元,5000+人付款,上海,上海,5000
3,上海,【领券减】日本原装进口三得利和乐怡预调鸡尾酒350mL*8低度果酒,139.00元,1万+人付款,上海,上海,10000
4,上海,RIO锐澳微醺联名rico预调鸡尾酒330ml*20罐气泡果味低度少女士酒,160.20元,1000+人付款,上海,上海,1000
5,上海,RIO锐澳微醺小美好加量不加价礼盒330ml*12洋酒预调鸡尾酒,88.00元,3000+人付款,上海,上海,3000
6,上海,RIO锐澳3度微醺5口味330ml*8罐预调鸡尾酒组合组合装洋酒预调酒,104.00元,3000+人付款,上海,上海,3000
7,上海,RIO锐澳鸡尾酒果酒微醺小美好喵喵酒6口味330ml*10罐,104.00元,2000+人付款,上海,上海,2000
8,上海,RIO锐澳微醺联名rico预调鸡尾酒330ml*8罐气泡果味酒低度少女士酒,30.00元,2000+人付款,上海,上海,2000
9,上海,【RiCO联名限定】RIO锐澳微醺预调酒3度桃花米酿低度果酒330ml*8,104.00元,1000+人付款,上海,上海,1000
10,上海,RIO锐澳微醺小美好加量不加价330ml*12洋酒预调鸡尾酒,72.00元,300+人付款,上海,上海,300
11,浙江 杭州,【直营】日本进口 三得利和乐怡HOROYOI预调气泡鸡尾酒350ml*10听,200.00元,100+人付款,浙江,杭州,100
12,广东 广州,动力火车酒鸡尾酒套装洋酒基酒混合300ml*24瓶装整箱苏打酒正品,248.00元,200+人付款,广东,广州,200
13,上海,日本原装进口三得利和乐怡缤纷6罐350mL低度网红果酒预调鸡尾酒,48.00元,1000+人付款,上海,上海,1000
14,浙江 杭州,【直营】日本进口 三得利和乐怡HOROYOI预调鸡尾酒6口味350ml*6听,99.00元,100+人付款,浙江,杭州,100
15,上海,Fourloko四洛克酒进口预调鸡尾酒果味酒派对网红微醺特调酒4瓶装,156.00元,300+人付款,上海,上海,300
16,上海,rio微醺预调鸡尾酒气泡酒锐澳微醺鸡尾酒rio锐澳整箱20罐*330ml,169.40元,300+人付款,上海,上海,300
17,陕西 西安,RIO锐澳预调鸡尾酒微醺草莓乳酸菌伏特加口味330ml*24罐整箱果酒,36.00元,100+人付款,陕西,西安,100
18,湖北 武汉,【百威浮起茶酒】预调鸡尾酒起泡酒低卡女士微醺气泡酒甜果酒3罐,39.90元,1万+人付款,湖北,武汉,10000
19,上海,RIO锐澳微醺联名rico预调鸡尾酒330ml*20罐洋气泡酒果酒少女饮料,160.20元,300+人付款,上海,上海,300
20,上海,RIO锐澳微醺联名rico预调鸡尾酒330ml*8罐气泡果味酒低度少女士酒,30.00元,1000+人付款,上海,上海,1000
21,上海,fourloko四洛克预调鸡尾酒新品墨西哥进口网红高度水果味酒一瓶装,29.70元,800+人付款,上海,上海,800
22,上海,女神节rio锐澳微醺清爽330ml*6微醺小美好气泡鸡尾酒少女果酒整箱,57.00元,1000+人付款,上海,上海,1000
23,广东 深圳,日本三得利和乐怡微醺SUNTORY白桃限定凤梨果酒ほろい草莓鸡尾酒,66.00元,500+人付款,广东,深圳,500
24,上海,RIO锐澳微醺3口味洋酒预调鸡尾酒330ml×3罐,40.00元,600+人付款,上海,上海,600
25,上海,RIO锐澳预调鸡尾酒8度强爽白桃味8罐套装高度果味酒低度洋酒整箱,40.00元,800+人付款,上海,上海,800
26,广东 广州,动力火车酒鸡尾酒套装苏打酒混合口味300ml*12瓶装3.5度微醺整箱,128.00元,300+人付款,广东,广州,300
27,山东 青岛,【4罐新品尝鲜】大于等于九预调气泡酒0脂微醺鸡尾酒4口味甜果酒,49.00元,1000+人付款,山东,青岛,1000
28,上海,RIO锐澳微醺联名rico预调鸡尾酒330ml*20罐洋气泡酒果酒少女饮料,160.20元,200+人付款,上海,上海,200
29,上海,初气网红硬苏打预调鸡尾酒网红气泡酒微醺少女感白桃果味酒4瓶装,63.80元,6人付款,上海,上海,6
30,山东 济南,美国动力火车24瓶苏打酒整箱装275ml低度网红预调酒吧清爽鸡尾酒,182.00元,100+人付款,山东,济南,100
31,上海,满减 初气网红硬苏打预调鸡尾酒网红气泡酒微醺少女感白桃果味酒,26.00元,3人付款,上海,上海,3
32,上海,彼得美德咖啡酒甜型红葡萄酒750ml红酒瓶装进口鸡尾酒德国正品,188.10元,1人付款,上海,上海,1
33,上海,乌克兰Creamel凯利梅尔草莓味鸡尾酒200ml 奶油酒果酒女士进口,28.00元,0人付款,上海,上海,0
34,上海,Blue Dash布鲁大师15度微醺零糖青瓜风味利口酒1瓶装少女甜酒,138.00元,200+人付款,上海,上海,200
35,浙江 杭州,空卡苏打酒气泡酒低糖果酒低度预调酒鸡尾酒微醺350ml*6瓶装,99.90元,500+人付款,浙江,杭州,500
36,上海,(RiCO潮玩联名）RIO锐澳桃花米酿鸡尾酒气泡鸡尾酒少女果酒整箱,60.00元,800+人付款,上海,上海,800
37,上海,RIO锐澳微醺鸡尾酒预调鸡尾酒330ml*10罐气泡果味酒低度少女士酒,64.40元,700+人付款,上海,上海,700
38,上海,杰克丹尼 威士忌 预调酒 柠檬味苹果味可乐味6瓶装正品鸡尾酒前红,62.00元,400+人付款,上海,上海,400
39,浙江 杭州,空卡苏打酒气泡酒低糖果味果酒低度预调酒鸡尾酒微醺350ml*12瓶装,199.90元,100+人付款,浙江,杭州,100
40,上海,动力火车六种口味酒吧预调酒鸡尾酒300ml整箱24瓶特价促销,153.00元,6人付款,上海,上海,6
41,上海,RIO锐澳微醺鸡尾酒预调鸡尾酒330ml*24罐气泡果味酒低度少女士酒,159.00元,100+人付款,上海,上海,100
42,上海,女神节酒礼盒情人节锐澳RIO微醺鸡尾预调气泡强爽女生果酒整箱,34.00元,700+人付款,上海,上海,700
43,江苏 镇江,RIO锐澳鸡尾酒罐装330ml*24罐3度微醺六口味组合装低度果酒预调酒,138.80元,100+人付款,江苏,镇江,100
44,上海,上海costco美国Kirkland科克兰金色玛格丽特配制酒鸡尾酒1.75L,75.90元,500+人付款,上海,上海,500
45,上海,WAT微醺起泡酒 网红鸡尾酒 果酒女士晚安酒乳酸菌绿茶冻柠6罐装,70.80元,3000+人付款,上海,上海,3000
46,上海,RIO锐澳微醺联名Rio预调鸡尾酒330ml*8罐气泡果味酒低度少女士酒,60.20元,500+人付款,上海,上海,500
47,上海,Rekorderlig cider瑞可德林西打酒果酒瓶装女士低度甜酒鸡尾酒6瓶,149.00元,200+人付款,上海,上海,200
52,上海,RIO锐澳预调鸡尾酒8度强爽rio微醺瓶装樱花限定330ml*8罐正品整箱,59.40元,300+人付款,上海,上海,300
53,广东 揭阳,ROL预调鸡尾酒锐奥滋微醺少女果酒洋酒低度酒275ml*6瓶一箱混合装,28.80元,700+人付款,广东,揭阳,700
54,上海,日本进口 三得利HOROYOI和乐怡白桃乳冰柠茶味凤梨鸡尾酒果酒礼物,54.00元,100+人付款,上海,上海,100
55,江苏 镇江,RIO锐澳鸡尾酒乳酸菌伏特加风味330ml*6罐3度微醺系列预调酒果酒,36.80元,400+人付款,江苏,镇江,400
56,河北 秦皇岛,鸡尾酒整箱24瓶装 女士低度水果味酒套装甜酒套餐 预调酒,49.90元,100+人付款,河北,秦皇岛,100
57,上海,【RiCO联名限定】RIO锐澳预调鸡尾酒微醺3度7口味组合330mL*10罐,99.00元,2万+人付款,上海,上海,20000
58,上海,RIO锐澳预调鸡尾酒强爽8度330ml*8罐白桃味气泡酒果酒伏特加基酒,72.00元,3000+人付款,上海,上海,3000
59,上海,RIO锐澳3度微醺7口味330ml*8罐洋酒预调鸡尾酒套装,104.00元,1000+人付款,上海,上海,1000
60,上海,RIO锐澳经典6口味275ml*6果酒洋酒预调鸡尾酒整箱预调酒,140.00元,500+人付款,上海,上海,500
61,上海,RIO锐澳微醺果味大满贯果酒洋酒预调鸡尾酒330ml×10预调酒,99.00元,1000+人付款,上海,上海,1000
62,上海,RIO锐澳清爽加量不加价礼盒330ml*12洋酒预调鸡尾酒,168.00元,300+人付款,上海,上海,300
63,上海,【现货】三得利和乐怡HOROYOI日本进口鸡尾酒6口味全家福350ml*6,99.00元,300+人付款,上海,上海,300
64,浙江 杭州,【直营】日本进口 三得利和乐怡鸡尾酒白桃味350mL*6罐果酒日本酒,99.00元,60人付款,浙江,杭州,60
65,上海,Fourloko四洛克酒预调鸡尾酒美国进口微醺特调酒果味网红酒2瓶装,78.00元,700+人付款,上海,上海,700
66,上海,Fourloko四洛克酒预调鸡尾酒果酒梅子酒进口特调洋酒烈酒十罐装,390.00元,100+人付款,上海,上海,100
67,浙江 杭州,【直营】日本进口三得利和乐怡气乐酒场柠檬沙瓦味350mL*6罐果酒,99.00元,45人付款,浙江,杭州,45
68,上海,RIO锐澳3.8度经典6口味275ml*6罐果酒洋酒预调鸡尾酒整箱预调酒,89.00元,20人付款,上海,上海,20
69,上海,RIO锐澳3度微醺7口味330ml*8罐果酒洋酒预调鸡尾酒,60.00元,12人付款,上海,上海,12
70,上海,RIO锐澳微醺预调鸡尾酒rio微醺锐澳瓶装洋酒果酒275ml*24罐整箱,111.40元,200+人付款,上海,上海,200
71,上海,Creamel凯利梅尔太妃味朗姆预调酒鸡尾酒200ml乌克兰进口女士果酒,28.00元,0人付款,上海,上海,0
72,上海,乌克兰Creamel凯利梅尔蜜瓜味朗姆预调酒鸡尾酒200ml奶油酒女士,28.00元,0人付款,上海,上海,0
73,广东 广州,动力火车鸡尾酒预调酒基酒套装洋酒诱惑300ml*24瓶装整箱苏打酒,248.00元,85人付款,广东,广州,85
74,上海,RIO锐澳微醺联名rico预调鸡尾酒330ml*8罐气泡果味酒低度少女士酒,37.50元,400+人付款,上海,上海,400
75,上海,日本三得利和乐怡网红低度预调鸡尾酒 全家福7口味350mL*12罐装,190.00元,200+人付款,上海,上海,200
76,上海,RIO锐澳微醺预调鸡尾酒330ml*20罐rio清爽低度气泡水果酒洋酒整箱,71.20元,200+人付款,上海,上海,200
77,北京,RIO锐澳经典预调鸡尾酒275ml瓶装果酒六种口味,258.00元,30人付款,北京,北京,30
78,上海,【推荐】WAT小方瓶预调鸡尾酒 威士忌低度酒晚安酒果味女生酒x3瓶,145.00元,100+人付款,上海,上海,100
79,上海,Blue Dash布鲁大师15度微醺零糖青瓜风味利口酒2瓶装少女甜酒,276.00元,55人付款,上海,上海,55
80,河北 秦皇岛,新日期 欧曼莎鸡尾酒鸡尾酒预调RTO鸡尾酒275ml*24瓶整箱京东快递,98.00元,100+人付款,河北,秦皇岛,100
81,上海,RIO锐澳微醺乳酸菌全系列小美好330ml低度气泡鸡尾酒少女果酒整箱,54.00元,500+人付款,上海,上海,500
82,四川 泸州,鸡尾酒整箱24瓶套装女士饮料预调果酒洋酒低度酒学生水果味酒正品,89.80元,47人付款,四川,泸州,47
83,上海,和乐怡HOROYOI三得利日本进口低度微醺预调酒鸡尾酒果酒白桃350ml,65.00元,100+人付款,上海,上海,100
84,上海,FOUR LOKO美国进口四洛克预调鸡尾酒695ml水蜜桃西瓜柑橘草莓柠檬,39.00元,300+人付款,上海,上海,300
85,江苏 南京,RIO锐澳鸡尾酒3度微熏系列330ml细罐10种口味可选洋酒预调鸡尾酒,34.80元,500+人付款,江苏,南京,500
86,上海,日本进口三得利和乐怡缤纷6口味350ml*6罐果酒预调鸡尾酒组合装,95.00元,1000+人付款,上海,上海,1000
87,上海,RIO锐澳鸡尾酒劲爽无糖气泡酒零度强爽9度8度鸡尾酒果酒年货强爽,65.60元,100+人付款,上海,上海,100
88,河北 秦皇岛,24瓶装伏特加预调鸡尾酒低度水果味酒套餐光瓶整箱低价包邮,56.60元,89人付款,河北,秦皇岛,89
89,广东 广州,动力火车苏打酒鸡尾酒洋酒套装混合300ml*6瓶装整箱低度酒正品,65.00元,200+人付款,广东,广州,200
90,广东 揭阳,网红24瓶装微醺饮料鸡尾酒青少年女士果酒各式酒水白橙糖微型气,109.60元,100+人付款,广东,揭阳,100
91,上海,锐澳RIO微醺玫瑰荔枝口味洋酒预调酒鸡尾酒330ml*6 多罐组合装,43.00元,600+人付款,上海,上海,600
92,天津,美国动力诱惑型火车极度尖叫苏打酒鸡尾酒24瓶整箱拍2发3动力火车,198.00元,23人付款,天津,天津,23
93,上海,RIO锐澳微醺预调鸡尾酒275ml*24瓶鸡尾酒(整箱可拼口味)水果酒,245.00元,36人付款,上海,上海,36
94,浙江 嘉兴,淡真0糖0脂果味苏打气泡酒3度果酒微醺鸡尾酒低度女士酒330ml*12,99.60元,600+人付款,浙江,嘉兴,600
95,山东 济南,美国动力火车24瓶整箱苏打酒果酒预调酒低度清爽鸡尾酒正品包邮,182.00元,86人付款,山东,济南,86
96,浙江 杭州,空卡苏打酒气泡酒低糖果酒低度预调酒鸡尾酒微醺350ml*24瓶装,369.90元,37人付款,浙江,杭州,37
97,广东 东莞,瓶叮咚酒酒遛自调鸡尾酒果味酒微醺女酒低度甜酒网红酒礼盒,139.00元,89人付款,广东,东莞,89
98,上海,RIO锐澳微醺鸡尾酒预调鸡尾酒330ml*8罐整箱气泡果味低度少女士酒,61.40元,200+人付款,上海,上海,200
99,江苏 苏州,RIO锐澳微醺小美好新年新口味微醺鸡尾酒果酒预调酒正品整箱330ml,54.00元,300+人付款,江苏,苏州,300
100,上海,RIO锐澳微醺联名rico预调鸡尾酒330ml*8罐气泡果味酒低度少女士酒,37.50元,200+人付款,上海,上海,200
101,河南 郑州,ROL锐奥滋鸡尾酒预调洋酒果酒甜酒女生低度3.8度瓶装 275ml24整箱,29.80元,300+人付款,河南,郑州,300
102,陕西 西安,RIO锐澳预调鸡尾酒强爽zero9度0糖健身组合装500ml*6罐微醺果味酒,81.40元,97人付款,陕西,西安,97
103,上海,杰克丹尼Jack预调鸡尾酒威士忌可乐柠檬苹果味女士微醺330ml*6瓶,75.00元,100+人付款,上海,上海,100
104,陕西 西安,【RiCO联名限定】RIO锐澳预调鸡尾酒微醺3度桃花米酿低度气泡果酒,47.00元,300+人付款,陕西,西安,300
105,上海,rio微醺预调鸡尾酒气泡酒鸡尾酒rio锐澳整箱20罐*330ml,130.00元,43人付款,上海,上海,43
106,上海,动力火车鸡尾酒套装苏打酒混合口味300ml*24瓶装特价促销整箱美国,155.00元,18人付款,上海,上海,18
107,上海,rio鸡尾酒锐澳微醺酒果味酒锐欧整箱24罐瑞奥微熏预调酒饮料 仙醇,125.00元,53人付款,上海,上海,53
108,上海,科克兰金色玛格丽特配制酒鸡尾酒洋酒1.75L 上海Costco代购开市客,68.50元,100+人付款,上海,上海,100
109,陕西 西安,【RiCO联名限定】rio锐澳鸡尾酒果酒微醺桃花米酿风味330ml整箱,54.00元,300+人付款,陕西,西安,300
110,上海,RIO锐澳预调鸡尾酒微醺小美好3度330ml*6罐喵喵酒低度酒果酒洋酒,59.00元,3000+人付款,上海,上海,3000
111,上海,【和路雪联名】RIO锐澳鸡尾酒预调酒微醺7口味330ml*10罐果酒,99.00元,1000+人付款,上海,上海,1000
112,上海,【进口】fourloko四洛克预调鸡尾酒水蜜桃+草莓柠檬695ml两罐装,78.00元,200+人付款,上海,上海,200
113,上海,RIO锐澳小美好加量不加价330ml*12,99.00元,500+人付款,上海,上海,500
114,上海,RIO锐澳3度微醺5口味330ml*16果酒洋酒预调鸡尾酒量贩装整箱,158.60元,200+人付款,上海,上海,200
115,上海,RIO锐澳微醺系列7口味330ml*24果酒洋酒预调鸡尾酒,269.00元,66人付款,上海,上海,66
116,上海,RIO锐澳3.8度经典6口味275ml*12果酒洋酒预调鸡尾酒量贩装预调酒,178.00元,80人付款,上海,上海,80
117,浙江 杭州,【直营】日本进口 三得利和乐怡HOROYOI洋酒预调鸡尾酒350ml*6听,99.00元,23人付款,浙江,杭州,23
118,浙江 杭州,【直营】日本进口和乐怡HOROYOI预调鸡尾酒乳饮料味350ml*6罐果酒,99.00元,22人付款,浙江,杭州,22
119,上海,【百亿补贴】RIO锐澳清爽洋酒预调鸡尾酒330ml*10罐,58.80元,13人付款,上海,上海,13
120,上海,可口可乐柠檬道日式柠檬气泡酒招牌柠檬配制酒330ml*6罐,59.90元,2人付款,上海,上海,2
121,上海,乌克兰Creamel凯利梅尔桃子味朗姆预调酒鸡尾酒200ml果酒奶油酒,28.00元,0人付款,上海,上海,0
122,上海,彼得美德冰沛椰子味配制酒葡萄酒750ml鸡尾酒预调酒水德国正品,89.10元,1人付款,上海,上海,1
123,上海,RIO锐澳微醺预调鸡尾酒8度强爽330ml*8罐气泡果味酒低度少女士酒,79.60元,300+人付款,上海,上海,300
124,上海,fourloko四洛克美国原装进口预调鸡尾酒果酒配制酒斯洛克酒六罐装,234.00元,69人付款,上海,上海,69
125,上海,rio小美好酒礼盒白桃锐澳RIO微醺鸡尾预调气泡强爽女生果酒整箱,50.00元,400+人付款,上海,上海,400
126,上海,RIO乳酸菌桃花米酿锐澳低度酒热红酒微醺预调鸡尾酒整箱果酒洋酒,120.00元,100+人付款,上海,上海,100
127,上海,6瓶装正品杰克丹尼威士忌预调酒-柠檬味苹果味可乐味鸡尾酒,50.00元,200+人付款,上海,上海,200
128,上海,日本原装进口三得禾刂微醺女士果酒和乐怡低度预调鸡尾酒350ML*6,68.00元,100+人付款,上海,上海,100
129,江苏 苏州,三得利气乐酒场柠檬沙瓦汽泡果酒350ml罐装日本进口气泡酒,71.00元,100+人付款,江苏,苏州,100
130,上海,进口fourloko四洛克美国原装进口预调鸡尾酒女士果酒网红酒4罐装,39.00元,100+人付款,上海,上海,100
131,上海,日本进口三得利气乐酒场 柠檬沙瓦汽泡酒350mL*6罐果酒,95.00元,100+人付款,上海,上海,100
132,上海,RIO锐澳微醺预调鸡尾酒rio微醺锐澳瓶装洋酒果酒275ml*24罐整箱,111.40元,56人付款,上海,上海,56
133,上海,RIO锐澳微醺鸡尾酒预调鸡尾酒330ml*8罐整箱气泡果味低度少女士酒,65.00元,200+人付款,上海,上海,200
134,辽宁 沈阳,家庭鸡尾酒组合套装自调酒六大基酒调酒师工具配方今夜不回家包邮,375.00元,27人付款,辽宁,沈阳,27
135,上海,日本进口三得利Horoyoi和乐怡微醺预调鸡尾酒混合口味350ml组合装,60.00元,71人付款,上海,上海,71
136,陕西 西安,锐澳rio强爽500mlzero9度无糖预调鸡尾酒伏特加低度瓶装24罐果酒,89.40元,44人付款,陕西,西安,44
137,广东 广州,四洛克水果鸡尾酒fourloko后劲果味酒斯洛克酒fourlock酒 700ml*4,156.00元,48人付款,广东,广州,48
138,北京,正品宵怪兽动力苏打酒整箱24瓶美国动力鸡尾香槟火车少女甜甜果酒,38.00元,9人付款,北京,北京,9
139,上海,RIO锐澳微醺鸡尾酒预调鸡尾酒330ml*8罐整箱气泡果味低度少女士酒,64.40元,100+人付款,上海,上海,100
140,北京,进口果味烈性甜酒fourloko四洛克暗夜鸡尾酒fourlock酒斯诺克啤酒,39.00元,100+人付款,北京,北京,100
141,上海,【正宗莫吉托】西班牙原瓶进口 预调鸡尾酒 微醺 调酒特调 mojito,95.00元,100+人付款,上海,上海,100
142,上海,森林先知果冻气泡酒微醺果味茶酒伏特加高颜值低度女生晚安酒6瓶,85.00元,100+人付款,上海,上海,100
143,江苏 常州,RIO锐澳强爽500ml*6罐8度柠檬卡曼橘苹果葡萄白桃低度预调鸡尾酒,57.90元,100+人付款,江苏,常州,100
144,陕西 西安,rio微醺香草冰淇淋口味女士低度锐澳预调鸡尾酒330ml*24罐果味酒,15.90元,100+人付款,陕西,西安,100
145,福建 泉州,新日期 日本进口三得利和乐怡人气缤纷6罐350mL果酒鸡尾酒新口味,105.00元,51人付款,福建,泉州,51
146,上海,fourloko四洛克果酒美国进口鸡尾酒柠檬草莓特调高度果味酒3瓶装,29.00元,20人付款,上海,上海,20
147,上海,RIO锐澳微醺预调鸡尾酒275ml*24瓶rio一整箱低度果酒微醺少女洋酒,95.40元,36人付款,上海,上海,36
148,广西 南宁,动力火车苏打酒整箱24瓶微醺预调鸡尾酒夜场酒吧甜甜水洋酒,59.00元,100+人付款,广西,南宁,100
149,北京,正品香港新动力苏打酒整箱24瓶美国动力酒火车鸡尾酒果酒配制酒,68.00元,33人付款,北京,北京,33
150,江苏 南京,RIO锐澳鸡尾酒罐装330ml*24罐3度微醺六口味组合装低度果酒预调酒,138.80元,46人付款,江苏,南京,46
151,上海,RIO锐澳微醺预调鸡尾酒rio微醺锐澳瓶装洋酒果酒275ml*24罐整箱,111.40元,54人付款,上海,上海,54
152,上海,Suntory宾三得利梅酒2L 日本原装进口洋酒青梅果酒梅酒,155.00元,100+人付款,上海,上海,100
153,北京,响杯BUF2苏格兰威士忌零糖能量柠檬风味气泡预调酒鸡尾酒,55.98元,81人付款,北京,北京,81
154,浙江 温州,rio锐澳鸡尾酒定制刻字易拉罐生日礼物送男女朋友闺蜜老公情人节,16.80元,60人付款,浙江,温州,60
155,山东 济南,美国动力火车24瓶装苏打酒低度果味威士忌预调酒鸡尾酒275ml整箱,168.00元,42人付款,山东,济南,42
156,江苏 南京,初气网红硬苏打预调鸡尾酒网红气泡酒微醺白桃少女水果味酒1瓶装,20.10元,3000+人付款,江苏,南京,3000
157,陕西 西安,RIO锐澳预调鸡尾酒微醺系列百香果伏特加口味330ml*24罐整箱果酒,45.00元,95人付款,陕西,西安,95
158,安徽 合肥,晓醉气泡白酒低度起泡酒少女微醺果酒苏打晚安酒0糖0脂鸡尾苏打酒,45.90元,400+人付款,安徽,合肥,400
159,湖北 武汉,【临期混装】浮起起泡茶酒预调鸡尾酒整箱女士低度微醺苏打气泡酒,119.00元,400+人付款,湖北,武汉,400
160,陕西 西安,RIO锐澳预调鸡尾酒15种口味量贩组合装少女酒微醺330ml*30罐果酒,225.00元,21人付款,陕西,西安,21
161,上海,RIO锐澳微醺预调鸡尾酒275ml*24瓶rio一整箱低度果酒微醺少女洋酒,99.00元,48人付款,上海,上海,48
162,上海,RIO锐澳预调鸡尾酒rio微醺瓶装洋酒3度果酒乳酸菌330ml*8罐整箱,88.00元,100+人付款,上海,上海,100
163,上海,RIO锐澳预调鸡尾酒微醺小美好清爽强爽358度330ml*28罐低度果酒,250.00元,400+人付款,上海,上海,400
164,上海,RIO锐澳预调鸡尾酒8度强爽8度500ml*6罐气泡酒低度酒伏特加基酒,89.00元,700+人付款,上海,上海,700
165,上海,RIO锐澳3度微醺5口味330ml*24果酒洋酒预调鸡尾酒量贩装整箱,237.60元,60人付款,上海,上海,60
166,上海,可口可乐柠檬道气泡酒日式招牌柠檬配制酒礼盒装330ml*6罐5.6%vol,79.80元,100+人付款,上海,上海,100
167,上海,RIO锐澳鸡尾酒小美好5口味330ml*8,57.60元,300+人付款,上海,上海,300
168,上海,可口可乐柠檬道日式柠檬气泡酒盐柠檬配制酒330ml*6罐,79.80元,100+人付款,上海,上海,100
169,上海,RIO锐澳3.8度经典6口味275ml*24果酒洋酒预调鸡尾酒量贩装预调酒,396.00元,26人付款,上海,上海,26
170,浙江 杭州,【直营】日本三得利和乐怡鸡尾酒白桃乳饮料味350mL*6罐果酒正品,99.00元,17人付款,浙江,杭州,17
171,浙江 杭州,乌克兰Creamel凯利梅尔四种口味鸡尾酒朗姆酒混合8瓶装聚会微醺,188.00元,2人付款,浙江,杭州,2
172,上海,可口可乐柠檬道日式柠檬气泡酒混合口味低度酒330ml*3,29.90元,4人付款,上海,上海,4
173,上海,RIO锐澳鸡尾酒女生酒微醺小美好5口味330ml*8罐,57.60元,4人付款,上海,上海,4
174,上海,彼得美德几米巧克力酒配制酒红葡萄酒750ml红酒瓶装进口德国正品,188.10元,0人付款,上海,上海,0
175,上海,新品RIO微醺小美好系列锐澳鸡尾酒rio整箱微醺单口味330ml*20罐,198.00元,64人付款,上海,上海,64
176,上海,(RiCO潮玩联名）锐澳鸡尾酒桃花米酿rio微醺气泡鸡尾酒少女果酒,57.00元,200+人付款,上海,上海,200
177,陕西 西安,RIO春季限定桃花米酿微醺鸡尾酒果酒微醺混合口味330ml整箱24罐,188.00元,14人付款,陕西,西安,14
178,陕西 西安,rio鸡尾酒桃花米酿香草冰淇淋锐澳微醺果酒微醺少女酒百香果罐装,94.80元,87人付款,陕西,西安,87
179,江苏 镇江,RIO锐澳鸡尾酒六口味混合装275ml*6瓶经典预调酒果酒促销装,65.80元,33人付款,江苏,镇江,33
180,上海,rio锐澳鸡尾酒微醺酒果味酒锐欧饮料瑞奥预调酒果酒330ml*6罐整箱,64.80元,100+人付款,上海,上海,100
181,江苏 无锡,WiMo葡萄酒特调果酒鸡尾低度气泡酒桑格利亚甜酒微醺女士莫斯卡托,16.90元,600+人付款,江苏,无锡,600
182,河北 秦皇岛,24瓶装预调鸡尾酒洋酒低度水果味酒275ml包邮,58.80元,100+人付款,河北,秦皇岛,100
183,浙江 嘉兴,淡真0糖苏打果味气泡酒起泡果酒微醺酒饮料鸡尾酒女士低度预调酒,59.80元,100+人付款,浙江,嘉兴,100
184,广东 深圳,Rekorderlig cider瑞可德林西打酒瑞典进口女士甜果酒网红鸡尾酒,100.00元,66人付款,广东,深圳,66
185,上海,三得利和乐怡人气缤纷6罐350mL网红预调酒果酒低度酒,95.00元,200+人付款,上海,上海,200
186,江苏 南京,RIO锐澳鸡尾酒330ml*6瓶升级版细罐 白桃白兰地3度女生微醺果酒,29.90元,200+人付款,江苏,南京,200
187,广东 广州,动力火车苏打气泡酒预调鸡尾酒尝鲜12瓶套装*6种口味300ml,138.00元,29人付款,广东,广州,29
188,陕西 西安,冬季限定RIO锐澳鸡尾酒女生晚安酒微醺圣诞星愿热红酒330ml整箱装,45.00元,100+人付款,陕西,西安,100
189,江苏 苏州,【官方直营】百加得预调鸡尾酒调酒莫吉托酒Mojito洋酒700ml,113.00元,71人付款,江苏,苏州,71
190,广东 珠海,正品DANKE七口颠壳弹壳预调鸡尾酒加强版鸡尾酒16支整盒混合装,158.00元,17人付款,广东,珠海,17
191,上海,整箱杰克丹尼威士忌预调酒-柠檬味鸡尾酒330ml*24瓶,260.00元,21人付款,上海,上海,21
192,上海,十点一刻苏打气泡酒无糖0脂果酒预调酒微醺酒果味8口味330ml*8罐,76.00元,62人付款,上海,上海,62
193,广西 玉林,香港新动力火车*24瓶整箱装3.5度夜店ktv同款鸡尾酒多种口味可选,88.90元,47人付款,广西,玉林,47
194,上海,日本进口三得利和乐怡网红低度预调鸡尾酒 冰柠茶味350mL*6罐装,95.00元,300+人付款,上海,上海,300
195,陕西 咸阳,RIO锐澳鸡尾酒8度强爽伏特加瓶装苹果500ml低度气泡果酒低糖整箱,58.60元,70人付款,陕西,咸阳,70
196,广西 玉林,微醺香港动力火车鸡尾酒苏打酒3.5度275ml*整箱24瓶装低度酒正品,86.59元,35人付款,广西,玉林,35
197,广东 广州,微醺鸡尾酒动力苏打酒整箱甜酒少女预调酒玻璃瓶果酒酒洋酒网红酒,29.90元,85人付款,广东,广州,85
198,上海,RIO锐澳鸡尾酒套装预调酒果酒洋酒经典275ml*6瓶正品整箱24瓶,103.40元,22人付款,上海,上海,22
199,河南 郑州,【24瓶整箱特惠】RTO欧蔓莎鸡尾酒洋酒果酒女生低度甜酒瓶装275ml,108.00元,51人付款,河南,郑州,51
200,上海,【推荐】WAT玫瑰茄口味鸡尾酒小方瓶100ml 蔓越莓低度酒女士x1瓶,48.00元,19人付款,上海,上海,19
201,江苏 泰州,rio锐澳微醺鸡尾酒330ml*10罐预调酒百香果伏特加白兰地果酒正品,49.00元,100+人付款,江苏,泰州,100
202,辽宁 沈阳,鸡尾酒自调组合小瓶六大基酒套装送调酒师工具包邮今夜不回家配方,149.00元,32人付款,辽宁,沈阳,32
203,江苏 镇江,RIO锐澳鸡尾酒微醺3度330ml*6罐混合口味果酒预调酒女生小甜酒,34.80元,100+人付款,江苏,镇江,100
204,安徽 合肥,RIO锐澳鸡尾酒星愿热红酒微醺330ml*12罐果酒生日聚会女生小甜酒,71.80元,79人付款,安徽,合肥,79
205,山东 济宁,六罐美国 four loko 4四洛克高度烈性斯诺克鸡尾酒网红啤酒 女士,39.00元,25人付款,山东,济宁,25
206,陕西 西安,RIO锐澳预调鸡尾酒微醺系列乐橘乌龙330ml*24罐整箱果茶乐趣小酒,45.00元,88人付款,陕西,西安,88
207,湖北 武汉,[直播]百威浮起起泡茶酒预调鸡尾酒女士微醺低度苏打气泡茶酒3罐,39.90元,500+人付款,湖北,武汉,500
208,上海,RIO锐澳微醺预调鸡尾酒rio草莓乳酸菌罐装洋酒果酒330ml罐整箱,65.00元,92人付款,上海,上海,92
209,浙江 温州,RIO锐澳鸡尾酒刻字定制易拉罐礼盒送老公男朋友生日礼物DIY纪念日,28.80元,51人付款,浙江,温州,51
210,上海,【6瓶装】杰克丹尼威士忌预调鸡酒尾酒苹果可乐柠檬味330ml鸡尾酒,19.00元,74人付款,上海,上海,74
211,河北 秦皇岛,red鸡尾酒整箱24瓶装微醺起泡无糖果酒果味少女低度初气气泡甜酒,48.00元,40人付款,河北,秦皇岛,40
212,上海,【划算装】HIBANG威士忌果味气泡酒7度鸡尾酒低卡低糖微醺果酒6罐,85.00元,100+人付款,上海,上海,100
213,江苏 苏州,RIO锐澳新品微醺小美好系列预调鸡尾酒洋酒3度5口味330ml*6罐整箱,54.00元,100+人付款,江苏,苏州,100
214,江苏 南京,RIO锐澳鸡尾酒3度微醺330ml*6罐预调酒节日生日聚会女生小甜酒,34.80元,100+人付款,江苏,南京,100
215,湖北 武汉,GTUN鸡尾酒蜜桃金预调酒果酒200ml气泡酒玻尿酸微醺低糖低脂低卡,11.90元,1000+人付款,湖北,武汉,1000
216,上海,RIO锐澳预调鸡尾酒微醺小美好3度330ml*10罐果酒低度女士气泡酒,99.00元,1000+人付款,上海,上海,1000
217,上海,RIO锐澳预调鸡尾酒玻璃霓虹标经典系列275ml*24瓶整箱洋酒果酒,379.00元,100+人付款,上海,上海,100
218,上海,RIO锐澳新清爽三罐装330ml×3鸡尾酒,40.00元,43人付款,上海,上海,43
219,上海,三得利和乐怡HOROYOI日本进口鸡尾酒白桃味6罐装微醺果酒,99.00元,100+人付款,上海,上海,100
220,上海,RIO锐澳强爽8度4口味500ml*6罐新口味装果酒洋酒预调鸡尾酒预调酒,108.00元,95人付款,上海,上海,95
221,上海,可口可乐柠檬道日式柠檬气泡330ML*6混合口味低度酒,79.80元,100+人付款,上海,上海,100
222,上海,可口可乐柠檬道气泡酒日式柠檬蜂蜜配制酒礼盒装330ml*6罐3.4%Vol,79.80元,100+人付款,上海,上海,100
223,浙江 杭州,Creamel凯利梅尔奶油预调酒鸡尾酒200ml*3瓶装朗姆酒利口酒草莓,69.90元,9人付款,浙江,杭州,9
224,浙江 杭州,【直营】日本进口和乐怡鸡尾酒女士低度酒白桃气泡350mL*6罐果酒,99.00元,4人付款,浙江,杭州,4
225,上海,RIO锐澳鸡尾酒果酒微醺小美好喵喵酒6口味330ml*10罐,72.00元,7人付款,上海,上海,7
226,上海,RIO锐澳强爽8度4口味500ml*6罐新口味量贩装果酒洋酒预调鸡尾酒,89.60元,1人付款,上海,上海,1
227,陕西 西安,rio鸡尾酒葡萄白兰地预调酒果酒低度酒少女微醺330ml*24罐整箱装,45.00元,100+人付款,陕西,西安,100
228,陕西 西安,rio锐澳预调鸡尾酒微醺百香果果酒低度口味330ml*24瓶装罐装整箱,60.00元,78人付款,陕西,西安,78
229,上海,RIO锐澳微醺预调鸡尾酒罐装整箱果酒少女鸡尾酒锐澳整箱24*330ml,204.00元,44人付款,上海,上海,44
230,陕西 西安,【RICO联名限定】RIO桃花米酿锐澳预调鸡尾酒微醺组合装低度果酒,45.00元,100+人付款,陕西,西安,100
231,陕西 西安,RIO锐澳预调鸡尾酒微醺系列玫瑰荔枝白兰地口味330ml*6罐整箱果酒,45.00元,64人付款,陕西,西安,64
232,上海,RIO锐澳微醺预调鸡尾酒清爽热红酒低度果酒少女洋酒饮料冬季限定,54.00元,100+人付款,上海,上海,100
233,上海,RIO锐澳鸡尾酒套装预调酒果酒洋酒3度乳酸菌风味330ml*8罐正品,80.00元,93人付款,上海,上海,93
234,江苏 苏州,RIO微醺锐澳小美好新年限定鸡尾酒预调酒套装洋酒果酒330ml整箱,54.00元,100+人付款,江苏,苏州,100
235,四川 成都,6罐魅口MiKO鸡尾酒套装低度甜网红小酒微醺预调风味整箱官方旗舰,26.80元,200+人付款,四川,成都,200
236,河北 秦皇岛,8瓶装预调鸡尾酒【送开瓶器】水果味酒女士酒低度酒微醺酒蒙砂瓶M,59.90元,400+人付款,河北,秦皇岛,400
237,天津,动力之夜超能派对鸡尾酒火车3.5度苏打酒夜店partysuper酒吧24瓶,88.00元,3人付款,天津,天津,3
238,江苏 南京,RIO锐澳鸡尾酒罐装白桃白兰地风味330ml*6罐3度微醺预调酒低度,36.80元,100+人付款,江苏,南京,100
239,上海,RIO锐澳8度强微醺预调鸡尾酒白桃葡萄柠檬当红洋酒整箱低度果酒,96.40元,51人付款,上海,上海,51
240,上海,WAT小方瓶预调鸡尾酒 白兰地葡萄柚酒威士忌女士微醺果味茶酒x3瓶,145.00元,29人付款,上海,上海,29
241,湖北 武汉,【临期3罐赠3罐】预调鸡尾酒起泡酒低卡女士微醺气泡酒甜果酒3罐,39.90元,1000+人付款,湖北,武汉,1000
242,山东 临沂,美国动力苏打酒火车鸡尾酒预配调制3.5度275ml*24瓶整箱包邮,89.00元,17人付款,山东,临沂,17
243,河北 秦皇岛,8瓶装8款口味伏特加预调鸡尾酒275ml低度果味酒【厂家直供】整箱,18.90元,200+人付款,河北,秦皇岛,200
244,山东 青岛,潘果预调鸡尾酒水果味微醺123系列莫吉托4度朗姆酒低度果酒气泡酒,45.00元,42人付款,山东,青岛,42
245,上海,日本进口三得??利微醺鸡尾酒白桃葡萄西瓜乳味和乐怡预调酒 6瓶,68.00元,61人付款,上海,上海,61
246,上海,【瑕疵装】rio微醺小美好经典275鸡尾酒气泡水限定330ml随机发货,31.00元,200+人付款,上海,上海,200
247,上海,rio锐澳微醺鸡尾酒白桃味8罐装白兰地预调酒正品非锐欧水蜜桃口味,56.90元,49人付款,上海,上海,49
248,福建 厦门,Mojito 莫吉托 无醇鸡尾酒 预调鸡尾酒 3L/袋 法国原装进口,198.00元,18人付款,福建,厦门,18
249,浙江 金华,英国动力火车苏打酒24瓶整箱装275ml低度网红预调酒吧清爽鸡尾酒,168.00元,28人付款,浙江,金华,28
250,上海,日本原装进口三得利和乐怡预调酒 单口味任选350ml*3罐果酒鸡尾酒,39.00元,400+人付款,上海,上海,400
251,上海,Suntory宾三得利梅酒720ml日本原装进口青梅果酒梅子酒,115.00元,100+人付款,上海,上海,100
252,浙江 杭州,RIO锐澳预调鸡尾酒5度清爽系列3口味330ml整箱,30.80元,100+人付款,浙江,杭州,100
253,上海,日本进口微醺女士果酒和乐怡预调鸡尾酒混合装350ML*24罐,270.00元,12人付款,上海,上海,12
254,江苏 南京,RIO锐奥鸡尾酒茶酒乐橘乌龙萌檬红茶330ml*6罐果茶新趣系列预调酒,36.80元,100+人付款,江苏,南京,100
255,上海,日本进口三得利微醺*6罐 horoyoi和乐怡白桃味桃子酒女士鸡尾酒,75.00元,73人付款,上海,上海,73
256,上海,RIO锐澳微醺预调鸡尾酒275ml*6瓶rio一整箱低度果酒微醺少女洋酒,97.40元,37人付款,上海,上海,37
257,上海,rio微醺预调鸡尾酒20罐*330ml气泡酒微醺小美好强爽多系列整箱,198.00元,16人付款,上海,上海,16
258,上海,RIO锐澳预调鸡尾酒8度强爽鸡尾酒330ml*8罐罐装水果洋酒正品整箱,79.60元,60人付款,上海,上海,60
259,河北 秦皇岛,AA［送开瓶器］鸡尾酒女士酒瓶装水果味酒低度酒微醺酒蒙砂瓶8瓶,59.90元,400+人付款,河北,秦皇岛,400
260,广东 东莞,动力火车随酌气泡酒果酒低度女性酒微醺洋酒330ml*6罐鸡尾酒3.5度,49.90元,1人付款,广东,东莞,1
261,陕西 西安,RIO锐澳微醺小美好6口味女生鸡尾酒气泡低度少女果酒330ml*6罐装,47.00元,100+人付款,陕西,西安,100
262,广东 广州,西班牙进口曼戈预调鸡尾酒莫吉托MOJITO网红水果味微醺加气配制酒,56.80元,57人付款,广东,广州,57
263,上海,RIO锐澳微醺预调鸡尾酒8度强爽330ml*8罐气泡果味酒低度少女士酒,79.60元,62人付款,上海,上海,62
264,上海,RIO鸡尾酒定制易拉罐diy刻字闺蜜生日礼物女生送男女友老婆饮料,48.00元,11人付款,上海,上海,11
265,广东 广州,fourloko后劲鸡尾酒四洛克网红果酒斯洛克洋酒fourlock酒 700ml*8,312.00元,9人付款,广东,广州,9
266,湖南 岳阳,【抖音同款】ROL锐奥滋鸡尾酒洋酒学生酒女士低度果酒274ml*24瓶,84.29元,29人付款,湖南,岳阳,29
267,上海,fourloko四洛克预调鸡尾酒果酒美国进口洋酒烈酒高度甜酒单一罐装,39.00元,100+人付款,上海,上海,100
268,北京,新美国动力3.5度苏打鸡尾酒火车预调配调制酒275ml*24瓶整箱包邮,68.00元,41人付款,北京,北京,41
269,上海,RIO锐澳鸡尾酒微醺小美好3度礼盒330ml*10罐低度女生气泡酒喵喵酒,99.00元,800+人付款,上海,上海,800
270,上海,RIO锐澳预调鸡尾酒轻享低糖500ml*8罐低糖微醺果酒[21年4月产],119.00元,900+人付款,上海,上海,900
271,上海,可口可乐柠檬道日式柠檬气泡酒混合口味低度酒330ml*3,39.90元,300+人付款,上海,上海,300
272,上海,RIO锐澳微醺热红酒味冬季限定330ml*8罐洋酒鸡尾酒,79.60元,100+人付款,上海,上海,100
273,上海,三得利和乐怡HOROYOI日本进口鸡尾酒酸乐乳白桃乳饮料350ml*6微醺,210.00元,98人付款,上海,上海,98
274,上海,可口可乐柠檬道日式柠檬气泡酒招牌柠檬配制酒330ml*6罐,79.80元,100+人付款,上海,上海,100
275,上海,RIO鸡尾酒果酒喵喵酒微醺盒小美好礼盒330ml*10罐6口味预调酒,99.00元,88人付款,上海,上海,88
276,浙江 杭州,Creamel凯利梅尔奶油预调酒鸡尾酒200ml*6瓶装朗姆酒凯利安正品,139.00元,2人付款,浙江,杭州,2
277,浙江 杭州,【直营】日本进口和乐怡HOROYOI网红鸡尾酒350mL*6罐果酒正品白桃,99.00元,4人付款,浙江,杭州,4
278,上海,日本三得利和乐怡网红低度预调酒冰柠茶限定礼盒350ml*2罐礼盒,50.00元,100+人付款,上海,上海,100
279,陕西 西安,RIO锐澳预调鸡尾酒微醺西柚伏特加330ml*24整箱装气泡果酒伴手礼,45.00元,51人付款,陕西,西安,51
280,陕西 西安,RIO锐澳预调鸡尾酒强爽zero9度0糖柠檬伏特加500ml*24罐装果味酒,71.40元,23人付款,陕西,西安,23
281,江苏 南京,RIO锐澳鸡尾酒3度微熏5度清爽330ml*12罐预调酒果酒女生小甜酒,69.80元,58人付款,江苏,南京,58
282,上海,RIO锐澳伏特加预调酒微醺24罐整箱低度女生洋酒果酒鸡尾酒整箱,182.50元,33人付款,上海,上海,33
283,上海,BlueDash布鲁大师微醺潮饮非果酒0糖0脂低卡低度酒少女1瓶装,20.00元,100+人付款,上海,上海,100
284,江苏 常州,锐澳RIO桃花米酿风味微醺330ml*8罐3度鸡尾酒联名RICO春季限定,49.90元,68人付款,江苏,常州,68
285,上海,整箱杰克丹尼可乐威士忌预调酒Whiskey Cola330ml,260.00元,17人付款,上海,上海,17
286,河北 秦皇岛,24瓶装精灵贵族预调鸡尾酒低度果酒洋酒 特价包邮,49.90元,38人付款,河北,秦皇岛,38
287,上海,日本进口三得利和乐怡低度预调酒白桃味葡萄酸乐乳3口味6罐预调酒,95.00元,100+人付款,上海,上海,100
288,上海,卡裴娜菠萝椰奶味柠檬鸡尾酒聚会低度微醺果酒利口鸡尾甜酒配制酒,88.00元,28人付款,上海,上海,28
289,北京,锐澳（RIO）洋酒 预调 鸡尾酒 微醺系列 3度 百香果味 330ml*12罐,95.00元,17人付款,北京,北京,17
290,上海,RIO锐澳鸡尾酒预调酒套装少女酒微醺系列7口味330ml*24罐整箱果酒,90.00元,51人付款,上海,上海,51
291,陕西 西安,RIO锐澳预调鸡尾酒清爽5度3口味组合装少女微醺气泡果酒330ml*6罐,47.00元,59人付款,陕西,西安,59
292,江苏 无锡,RIO锐澳鸡尾酒礼盒微醺清爽330ml*8罐预调酒圣诞生日节日新年礼物,49.80元,17人付款,江苏,无锡,17
293,上海,一罐倒四洛克 果味酒four美国高度预调鸡尾酒洋酒网红酒罐装695ml,39.00元,42人付款,上海,上海,42
294,上海,RIO锐澳鸡尾酒套装预调酒果酒洋酒3度微醺白桃口味330ml*8罐884,68.00元,49人付款,上海,上海,49
295,上海,Costco代购开市客Kirkland科克兰金色玛格丽特配制酒鸡尾酒 1.75L,78.80元,71人付款,上海,上海,71
296,陕西 西安,RIO锐澳预调鸡尾酒洋酒经典玻璃瓶275ml*6瓶整箱装女士晚安果味酒,93.40元,25人付款,陕西,西安,25
297,北京,锐澳（RIO）洋酒 预调 鸡尾酒 微醺系列 3度玫瑰荔枝味330ml*12罐,95.00元,42人付款,北京,北京,42
298,河南 洛阳,RIO锐澳预调鸡尾酒微醺果酒系列330ml罐装整箱洋酒饮料新品,34.90元,100+人付款,河南,洛阳,100
299,北京,响杯BUF2零糖能量柠檬风味气泡预调酒鸡尾酒苏格兰威士忌330ml,29.00元,40人付款,北京,北京,40
300,上海,LAIBA莫吉托mojito鸡尾酒白朗姆酒手工预调酒洋酒低卡礼盒套装,294.00元,13人付款,上海,上海,13
301,江苏 常州,RIO锐澳275ml*6瓶鸡尾酒洋酒预调鸡尾酒果酒经典瓶装正品临期促销,49.90元,49人付款,江苏,常州,49
302,上海,日本进口三得利 SUNTORY气乐酒场柠檬沙瓦汽泡酒 配制酒 350ml,380.00元,21人付款,上海,上海,21
303,上海,RIO锐澳微醺鸡尾酒预调鸡尾酒330ml*16罐气泡果味酒低度少女士酒,159.00元,21人付款,上海,上海,21
304,上海,RIO强爽鸡尾酒果酒8度强爽500ml+heypop气泡水2联罐装,9.90元,300+人付款,上海,上海,300
305,辽宁 沈阳,西班牙进口曼戈预调鸡尾酒莫吉托MOJITO网红水果味微醺加气配制酒,57.80元,25人付款,辽宁,沈阳,25
306,陕西 西安,【RiCO联名限定】rio锐澳鸡尾酒微醺春季限定桃花米酿330ml*6罐,42.50元,87人付款,陕西,西安,87
307,四川 眉山,FOUR LOKO美国进口四洛克预调鸡尾酒695ml水蜜桃西瓜柑橘草莓柠檬,26.90元,43人付款,四川,眉山,43
308,安徽 合肥,RIO锐澳鸡尾酒275ml*6瓶六口味混合装预调酒生日聚会女生小甜酒,65.80元,25人付款,安徽,合肥,25
309,上海,日本三得利微醺和乐怡HOROYOI原装进口鸡尾酒果酒全系口味罐装,65.00元,37人付款,上海,上海,37
310,浙江 杭州,RIO锐澳鸡尾酒预调酒套装少女酒微醺系列330ml*24罐整箱果酒,23.80元,58人付款,浙江,杭州,58
311,上海,【5瓶装】fourloko四洛克酒预调鸡尾酒网红高度微醺进口水果味酒,165.00元,15人付款,上海,上海,15
312,上海,锐澳小美好系列鸡尾酒微醺rio鸡尾酒330ml*6罐洋酒果酒锐欧鸡尾酒,43.00元,100+人付款,上海,上海,100
313,上海,杰克丹尼威士忌预调酒 可乐味330ml*6瓶装 洋酒 威士忌可乐桶 5度,72.00元,37人付款,上海,上海,37
314,江苏 苏州,jackdaniels杰克丹尼预调鸡尾酒瓶装可乐味苹果味柠檬味330ml*6瓶,96.00元,49人付款,江苏,苏州,49
315,上海,圣诞RIO锐澳冬季限定微醺330ml*6热红酒鸡尾酒洋酒果酒少女预调酒,35.00元,99人付款,上海,上海,99
316,上海,【官方旗舰店】杰克丹尼威士忌预调酒鸡尾酒可乐苹果柠檬330ml*6,110.00元,100+人付款,上海,上海,100
317,上海,麒麟本榨日本进口预调鸡尾酒微醺果酒女士预调酒350ml*24罐/箱,379.20元,3人付款,上海,上海,3
318,广东 广州,动力火车酒鸡尾酒套装预调酒基酒洋酒女士3.5度诱惑300ml*6瓶装,65.00元,48人付款,广东,广州,48
319,上海,风下无糖苏打气泡酒果味酒预调酒鸡尾酒微醺网红女士酒330ml6罐装,29.90元,17人付款,上海,上海,17
320,上海,四洛克果酒美国进口鸡尾酒网红酒特调高度柠檬草莓果味酒3瓶装,28.00元,27人付款,上海,上海,27
321,北京,清仓特价锐澳rio鸡尾酒24瓶一整箱装预调酒锐欧包邮正品套装锐瑞,235.00元,6人付款,北京,北京,6
322,上海,RIO锐澳鸡尾酒5度清爽3口味+heypop气泡水低度果酒礼盒装4联罐 BY,31.90元,2000+人付款,上海,上海,2000
323,上海,RIO锐澳预调鸡尾酒强爽9度0糖轻脂500ml*6罐西柚伏特加果味气泡酒,89.00元,400+人付款,上海,上海,400
324,上海,狮子歌歌莫吉托 鸡尾酒 高颜值微醺少女酒 预调酒 果酒500ml*1瓶,69.00元,100+人付款,上海,上海,100
325,上海,RIO锐澳3度草莓乳酸菌330ml*3乳酸菌330ml*3两口味鸡尾酒预调酒,108.00元,200+人付款,上海,上海,200
326,上海,【进口】fourloko四洛克预调鸡尾酒水蜜桃味+酸苹果味695ml两罐装,78.00元,58人付款,上海,上海,58
327,上海,RIO锐澳鸡尾酒5度清爽气泡酒3口味330ml*10罐果酒预调酒气泡酒,88.00元,100+人付款,上海,上海,100
328,上海,三得利和乐怡HOROYOI日本进口鸡尾酒果酒配制酒3口味350ml*3微醺,105.00元,100+人付款,上海,上海,100
329,浙江 杭州,乌克兰Creamel凯利梅尔桃子奶油酒鸡尾酒200ml*6瓶装朗姆酒饮料,139.00元,1人付款,浙江,杭州,1
330,浙江 杭州,【直营】日本进口 三得利和乐怡HOROYOI预调鸡尾酒3口味350ml*3听,59.00元,22人付款,浙江,杭州,22
331,陕西 西安,RIO锐澳预调鸡尾酒微醺系列乳酸菌伏特加口味330ml*24罐整箱果酒,45.00元,56人付款,陕西,西安,56
332,上海,日本进口三得利和乐怡网红低度预调鸡尾酒6口味350mL*6罐女生果酒,95.00元,100+人付款,上海,上海,100
333,陕西 西安,RIO锐澳预调鸡尾酒洋酒经典玻璃瓶275ml*6瓶整箱装女士晚安果味酒,91.50元,22人付款,陕西,西安,22
334,北京,锐澳（RIO）洋酒 预调 鸡尾酒 微醺 3度 草莓乳酸菌味330ml*12罐,95.00元,41人付款,北京,北京,41
335,上海,三得利日本原装进口青梅酒720ml果酒梅酒,117.00元,100+人付款,上海,上海,100
336,山东 青岛,【8罐团圆小酌】大于等于九0脂果味气泡酒微醺鸡尾酒预调酒4口味,98.00元,30人付款,山东,青岛,30
337,上海,WAT小方瓶预调鸡尾酒 威士忌洋酒低度酒微醺晚安酒果味女生酒*6瓶,290.00元,13人付款,上海,上海,13
338,北京,原装正品动力火车苏打酒尝鲜微醺鸡尾酒低度水果酒24瓶整箱300ml,23.90元,19人付款,北京,北京,19
339,上海,【正品保障】锐澳RIO洋酒mojito鸡尾酒3.8度经典口味275ml*5瓶,60.00元,40人付款,上海,上海,40
340,湖南 长沙,501【百威浮起茶酒】预调鸡尾酒起泡酒低卡女士微醺酒甜果酒330ml,269.00元,10人付款,湖南,长沙,10
341,上海,RIO锐澳鸡尾酒330ml*6罐装 3度洋酒预调微醺鸡尾酒少女低度果酒,16.90元,93人付款,上海,上海,93
342,上海,Rekorderlig cider瑞可德林西打酒果酒女士低度甜酒微醺酒5瓶装,129.00元,76人付款,上海,上海,76
343,山东 烟台,BUF2响杯苏格兰威士忌零糖能量柠檬风味气泡酒预调酒鸡尾酒箱装,29.90元,42人付款,山东,烟台,42
344,山东 青岛,潘果预调鸡尾酒整箱瓶装荷兰进口基酒原料酸甜果酒低度微醺少女酒,74.00元,24人付款,山东,青岛,24
345,上海,RIO锐澳清爽气泡鸡尾酒rio草莓多口味5度洋酒果酒整箱330ml*8罐,72.00元,52人付款,上海,上海,52
346,河南 郑州,【24瓶特惠】ROL锐奥滋鸡尾酒 洋酒果酒 低度女生瓶装 3.8度275ml,98.00元,26人付款,河南,郑州,26
347,上海,日本原瓶进口三得利微醺鸡尾酒6罐horoyoi和乐怡白桃桃子酒,75.00元,95人付款,上海,上海,95
348,湖北 武汉,【百威浮起茶酒】起泡茶酒女士微醺低度预调酒鸡尾酒气泡酒6罐装,78.00元,100+人付款,湖北,武汉,100
349,河南 洛阳,预调鸡尾酒整箱24瓶装275ml低度威士忌微醺女士网红宴会聚餐,39.60元,50人付款,河南,洛阳,50
350,上海,【首页入会】JOJO无糖气泡酒0糖0脂微醺预调鸡尾酒饮料甜酒,39.90元,500+人付款,上海,上海,500
351,陕西 西安,【RICO限定联名】RIO锐澳预调鸡尾酒微醺3度桃花米酿330ml*6罐,56.00元,81人付款,陕西,西安,81
352,上海,RIO锐澳微醺预调鸡尾酒rio整箱330ml*20罐洋气泡酒果酒少女饮料,160.20元,25人付款,上海,上海,25
353,山东 济南,动力火车苏打酒300ml*24瓶整箱诱惑微醺3.5度鸡尾酒power station,46.60元,15人付款,山东,济南,15
354,安徽 芜湖,RIO小美好香草冰淇淋味锐澳鸡尾酒330ml*8罐预调酒果酒低度酒微醺,40.41元,55人付款,安徽,芜湖,55
355,上海,WAT&SEESAW 联名款礼盒小方瓶预调鸡尾酒低度果酒微醺果酒少女酒,168.00元,17人付款,上海,上海,17
356,河北 秦皇岛,red鸡尾酒整箱微醺8种风味果酒24瓶装网红少女起泡io潮饮洋酒套装,48.60元,29人付款,河北,秦皇岛,29
357,上海,日本进口三得利 SUNTORY 柠檬沙瓦汽酒 配制酒 レモンサワ`350ml,106.00元,20人付款,上海,上海,20
358,广东 广州,后劲冠绝 fourloko鸡尾酒四洛克果酒斯洛克酒fourlock酒 700ml*2,78.00元,23人付款,广东,广州,23
359,湖北 武汉,GTUN鸡尾酒青梅威士忌预调酒果酒200ml气泡酒玻尿酸低糖低脂低卡,11.90元,600+人付款,湖北,武汉,600
360,北京,12瓶组合套装调酒鸡尾酒基酒洋酒龙舌兰朗姆酒伏特加酒金酒威士忌,732.00元,4人付款,北京,北京,4
361,陕西 西安,rio锐澳鸡尾酒强爽葡萄柠檬白桃卡曼橘口味鸡尾酒8度4口味6罐套装,17.90元,100+人付款,陕西,西安,100
362,上海,三得利微醺桃子酒350ml*6罐 日本进口horoyoi和乐怡白桃味鸡尾酒,90.00元,24人付款,上海,上海,24
363,江苏 苏州,BlueHour苏打气泡酒0糖0脂低卡度微醺果酒鸡尾酒6罐,88.00元,29人付款,江苏,苏州,29
364,浙江 温州,奇盟新动力苏打酒275ml*24瓶香港动力狂野火车酒吧夜店KTV鸡尾酒,64.90元,27人付款,浙江,温州,27
365,河南 洛阳,RIO锐澳预调鸡尾酒清爽系列330ml*6罐低度气泡酒果酒少女洋酒 X,38.00元,86人付款,河南,洛阳,86
366,上海,RIO锐澳微醺预调鸡尾酒275ml*6瓶rio一整箱低度果酒微醺少女洋酒,97.40元,16人付款,上海,上海,16
367,上海,RIO锐澳20罐小美好强爽预调鸡尾酒低度果酒微醺少女酒套装年货,58.20元,18人付款,上海,上海,18
368,江苏 南京,德国托皮卡椰林飘香鸡尾酒少女甜酒果酒起泡酒750ml,19.80元,100+人付款,江苏,南京,100
369,辽宁 沈阳,杰克丹尼威士忌预调酒鸡尾酒可乐苹果柠檬味330ml*6瓶装 洋酒包邮,62.00元,43人付款,辽宁,沈阳,43
370,江苏 苏州,RIO锐澳微醺鸡尾酒乳酸菌口味330ml*24罐鸡尾酒调酒套装现货包邮,195.00元,8人付款,江苏,苏州,8
371,山东 青岛,【12罐聚会乐享】大于等于九轻卡气泡酒0脂微醺低度果味酒4口味,137.00元,16人付款,山东,青岛,16
372,上海,RIO锐澳微醺联名Rio预调鸡尾酒330ml*20罐洋气泡酒果酒少女饮料,160.20元,15人付款,上海,上海,15
373,上海,RIO锐澳微醺鸡尾酒预调鸡尾酒330ml*8罐气泡果味酒低度少女士酒,60.20元,41人付款,上海,上海,41
374,河南 洛阳,RIO锐澳微醺系列新口味鸡尾酒果酒预调酒330ml罐气泡酒少女网红,31.90元,66人付款,河南,洛阳,66
375,上海,RIO锐澳预调鸡尾酒玻璃霓虹经典瓶275ml*6瓶低度气泡酒预调酒果酒,94.00元,400+人付款,上海,上海,400
376,上海,RIOx霸王限定联名鸡尾酒生姜味限量礼盒低度酒熬出头不熬秃头,99.00元,200+人付款,上海,上海,200
377,上海,三得利和乐怡HOROYOI日本进口鸡尾酒白桃乳饮料葡萄3口味微醺果酒,99.00元,69人付款,上海,上海,69
378,上海,可口可乐柠檬道日式柠檬气泡酒蜂蜜柠檬配制酒330ml*6罐,79.80元,91人付款,上海,上海,91
379,上海,RIO锐澳3度微醺乳酸菌口味330ml*1果酒洋酒预调鸡尾酒罐装,10.90元,700+人付款,上海,上海,700
380,上海,【进口】fourloko四洛克预调鸡尾酒水蜜桃味+暗夜款695ml两罐装,78.00元,46人付款,上海,上海,46
381,上海,RIO锐澳3度微醺白桃口味330ml*10果酒洋酒预调鸡尾酒套装,99.00元,34人付款,上海,上海,34
382,浙江 杭州,【直营】日本进口 三得利和乐怡HOROYOI罐装预调酒3口味350ml*3听,59.00元,4人付款,浙江,杭州,4
383,浙江 杭州,乌克兰Creamel凯利梅尔太妃朗姆酒鸡尾酒200ml*3奶油预调酒洋酒,69.90元,2人付款,浙江,杭州,2
384,陕西 西安,RIO锐澳预调鸡尾酒微醺系列葡萄白兰地口味330ml*24罐整箱果味酒,45.00元,44人付款,陕西,西安,44
385,陕西 西安,RIO锐澳预调鸡尾酒强爽系列8度白桃伏特加口味500ml*24罐整箱果酒,71.40元,18人付款,陕西,西安,18
386,上海,日本三得利和乐怡预调网红鸡尾酒果酒350mL*24罐囤货装,380.00元,15人付款,上海,上海,15
387,上海,日本进口三得利和乐怡网红低度鸡尾酒 白桃乳饮料味350mL*6罐装,95.00元,63人付款,上海,上海,63
388,上海,日本三得利气乐酒场柠檬沙瓦汽泡酒原装进口SUNTORY鸡尾酒350ml,98.00元,8人付款,上海,上海,8
389,山东 济南,四洛克酒4fourloko lock网红高度水果酒调配暗夜鸡尾酒斯诺克啤酒,39.00元,30人付款,山东,济南,30
390,四川 泸州,白兰地预调鸡尾酒8瓶*275ml低度酒果酒正品网红酒洋酒女士饮料酒,29.80元,46人付款,四川,泸州,46
391,广东 广州,动力火车苏打酒鸡尾酒洋酒整箱300ml*6瓶正品低度数果酒诱惑口味,69.00元,34人付款,广东,广州,34
392,上海,日本进口三得利柠檬沙瓦配制酒350ml5度微醺居酒屋气乐酒场汽泡酒,38.00元,4人付款,上海,上海,4
393,上海,果悦贝利尼桃子酒果酒女士低度甜酒微醺少女酒气泡起泡葡萄鸡尾酒,66.00元,44人付款,上海,上海,44
394,江苏 常州,RIO锐澳强爽低糖500ml*6罐预调鸡尾酒洋酒果酒西柚柠檬卡曼橘临期,57.90元,25人付款,江苏,常州,25
395,北京,猿小姐 男人的梅子酒 女人的威士忌 日本玉威士忌青梅酒 24度,138.00元,10人付款,北京,北京,10
396,江苏 镇江,RIO锐澳鸡尾酒3度微熏5度清爽330ml*12罐预调酒果酒女生小甜酒,69.80元,27人付款,江苏,镇江,27
397,广东 广州,fourloko后劲鸡尾酒网红四洛克果酒斯洛克洋酒fourlock酒 700ml*6,234.00元,8人付款,广东,广州,8
398,上海,玛桂经典莫吉托mojito西班牙原装进口洋酒甜酒女士果酒预调鸡尾酒,98.00元,13人付款,上海,上海,13
399,山东 济南,动力火车酒鸡尾酒苏打酒混合口味300ml*12瓶/24瓶 可指定颜色气泡,46.60元,20人付款,山东,济南,20
400,陕西 西安,RIO锐澳18口味rico联名小美好组合330ml*18罐果酒微醺低度气泡酒,139.60元,13人付款,陕西,西安,13
401,浙江 杭州,多口味RIO锐澳微醺预调鸡尾酒rio330ml*10罐洋气泡酒果酒少女,28.80元,37人付款,浙江,杭州,37
402,河北 秦皇岛,8瓶预调鸡尾酒蒙砂瓶*275毫升【送开瓶器】水果味酒女士低度酒,49.90元,200+人付款,河北,秦皇岛,200
403,陕西 西安,新品 RIO锐澳预调鸡尾酒强爽zero 9度 柠檬伏特加口味 500ml*6罐,81.40元,23人付款,陕西,西安,23
404,广东 广州,fourloko鸡尾酒进口四洛克酒后劲果酒斯洛克酒fourlock酒 700ml*4,156.00元,12人付款,广东,广州,12
405,贵州 安顺,Chill轻尔树莓硬苏打配制酒含酒果汁气泡酒,69.90元,600+人付款,贵州,安顺,600
406,江苏 南京,初气网红女士低度果酒女生气泡酒少女微醺水果味晚安酒甜酒1罐装,20.10元,68人付款,江苏,南京,68
407,上海,RIO锐澳微醺荔枝味当红洋酒清爽气泡鸡尾酒低度果酒饮料量贩装,80.00元,100+人付款,上海,上海,100
408,上海,鸡尾酒自调组合专业套装洋酒六大基酒糖浆辅料配料调酒师工具配方,380.00元,8人付款,上海,上海,8
409,上海,RIO锐澳预调鸡尾酒rio微醺瓶装洋酒3度果酒乳酸菌330ml*8罐整箱,88.00元,30人付款,上海,上海,30
410,广东 珠海,DANKE弹壳鸡尾酒预调酒一支45ml一盒6支礼盒装蓝莓黑加仑洋酒果酒,68.00元,20人付款,广东,珠海,20
411,广东 揭阳,rol锐奥滋鸡尾酒套装预调酒洋酒果酒微醺系列6口味套装275ml*12瓶,54.80元,36人付款,广东,揭阳,36
412,广东 江门,RIO锐澳预调鸡尾酒玻璃霓虹标经典系列275ml*24瓶整箱洋酒果酒,255.00元,5人付款,广东,江门,5
413,上海,锐澳 清爽气泡鸡尾酒草莓伏特加口味330ml*12罐 预调果酒微醺5度,36.90元,44人付款,上海,上海,44
414,江苏 南京,RIO锐澳鸡尾酒3度微醺系列330ml*12罐冬季限定热红酒组合预调酒,70.80元,44人付款,江苏,南京,44
415,上海,RIO锐澳微醺联名Rio预调鸡尾酒330ml*8罐气泡果味酒低度少女士酒,30.00元,47人付款,上海,上海,47
416,陕西 西安,RIO锐澳预调鸡尾酒强爽8度5口味组合量贩装洋酒500ml*6罐气泡果酒,62.90元,17人付款,陕西,西安,17
417,山东 青岛,运动饮料芭力混合维生素饮料250ml*8罐提神好喝的功能饮料,46.00元,19人付款,山东,青岛,19
418,上海,Rekorderlig cider瑞可德林西打酒进口果酒女士低度酒单支装330ml,29.90元,96人付款,上海,上海,96
419,江苏 南京,第二瓶9元｜凯利梅尔草莓奶油酒利口酒果酒鸡尾酒甜酒桃子酒,28.00元,91人付款,江苏,南京,91
420,安徽 滁州,2021日期日本进口三得利Horoyoi和乐怡微醺预调鸡尾酒350ml*6罐装,68.80元,18人付款,安徽,滁州,18
421,河南 郑州,RTO欧曼莎鸡尾酒 果酒预调酒KTV，整箱包邮275ml×24瓶，十箱起发,58.00元,4人付款,河南,郑州,4
422,上海,6瓶杰克丹尼可乐威士忌预调酒 WhiskeyCola330ml*6瓶 前红,62.00元,12人付款,上海,上海,12
423,陕西 西安,强爽rio8度锐澳鸡尾酒葡萄味预调鸡尾酒低度果酒500ml*6罐气泡水,89.40元,31人付款,陕西,西安,31
424,上海,动力火车新款鸡尾酒瓶装洋酒诱惑300ml24瓶整箱女士低度酒预调酒,39.90元,7人付款,上海,上海,7
425,陕西 西安,RIO锐澳预调鸡尾酒微醺草莓乳酸菌伏特加口味330ml*12罐整箱果酒,60.00元,19人付款,陕西,西安,19
426,天津,美国新动力火车极度尖叫鸡尾调酒诱惑型弱碱性苏打酒275ml*24整箱,99.00元,5人付款,天津,天津,5
427,上海,日本进口三得利Horoyoi和乐怡微醺鸡尾酒白桃味350ml*11罐桃子酒,165.00元,13人付款,上海,上海,13
428,上海,[天猫U先]RIO锐澳鸡尾酒果酒5度清爽草莓味+heypop气泡水2罐礼盒,99.00元,3人付款,上海,上海,3
429,上海,RIO锐澳预调鸡尾酒微醺小美好3度330ml*6罐气泡酒果酒低度酒BY,59.00元,800+人付款,上海,上海,800
430,上海,RIO清爽青苹果洋酒预调鸡尾酒330ml×6罐预调酒,30.00元,73人付款,上海,上海,73
431,上海,RIO锐澳微醺3口味洋酒预调鸡尾酒330ml×3罐预调酒,40.00元,1000+人付款,上海,上海,1000
432,上海,RIO锐澳微醺系列7口味330ml*16果酒洋酒预调鸡尾酒预调酒,179.60元,22人付款,上海,上海,22
433,上海,RIO锐澳清爽3口味330ml*6罐,39.00元,98人付款,上海,上海,98
434,上海,RIO锐澳微醺果味大满贯果酒洋酒预调鸡尾酒330ml*20,218.00元,9人付款,上海,上海,9
435,浙江 杭州,乌克兰Creamel凯利梅尔草莓朗姆酒鸡尾酒果酒奶油酒女士洋酒200ml,28.00元,1人付款,浙江,杭州,1
436,浙江 杭州,乌克兰Creamel凯利梅尔桃子味朗姆酒预调酒鸡尾酒200ml奶油酒洋酒,28.00元,1人付款,浙江,杭州,1
437,陕西 西安,RIO锐澳预调鸡尾酒强爽8度苹果西打口味500ml*24罐整箱装果味酒,71.40元,14人付款,陕西,西安,14
438,陕西 西安,RIO锐澳预调鸡尾酒强爽zero9度0糖西柚伏特加500ml*24罐装果味酒,71.40元,24人付款,陕西,西安,24
439,上海,三得利和乐怡新会员见面礼冰柠茶礼盒2罐装,24.90元,300+人付款,上海,上海,300
440,上海,日本原装进口三得利气乐酒场 柠檬沙瓦低度汽泡酒4罐装果酒,55.00元,100+人付款,上海,上海,100
441,上海,RIO锐澳微醺预调鸡尾酒rio微醺锐澳瓶装洋酒果酒330ml*16罐整箱,160.20元,20人付款,上海,上海,20
442,上海,RIO强爽鸡尾酒果酒预调酒8度强爽6口味组合330ml*8罐低度酒,72.00元,40人付款,上海,上海,40
443,陕西 西安,rio清爽草莓鸡尾酒330ml 5度锐澳清爽气泡酒6罐组合装果酒预调酒,45.00元,21人付款,陕西,西安,21
444,上海,【官方旗舰店】杰克丹尼威士忌预调酒鸡尾酒柠檬味330ml*6瓶装,110.00元,49人付款,上海,上海,49
445,上海,RIO锐澳微醺鸡尾酒草莓乳酸菌口味330ml*8罐装微醺晚安果酒884,68.00元,26人付款,上海,上海,26
446,河北 秦皇岛,精灵贵族 8瓶装预调鸡尾酒 果味酒 女士酒 低度,15.90元,48人付款,河北,秦皇岛,48
447,上海,包邮动力火车苏打酒微醺预调鸡尾酒洋酒整箱300ml6瓶低度果酒诱惑,46.00元,1人付款,上海,上海,1
448,江苏 南京,RIO鸡尾酒锐澳瓶装275ml*6瓶混合装低度预调酒生日节日聚会小甜酒,65.80元,22人付款,江苏,南京,22
449,上海,LAIBA高端手工聚会礼盒套装低度酒微醺果酒鸡尾酒威士忌伏特加,472.00元,7人付款,上海,上海,7
450,广东 深圳,日本SUNTORY三得利微醺限定凤梨和乐怡气泡鸡尾酒啤酒女士酒,15.00元,12人付款,广东,深圳,12
451,上海,【尝鲜装】HIBANG威士忌果味气泡酒7度微醺鸡尾酒低卡低糖果酒3罐,45.00元,60人付款,上海,上海,60
452,上海,锐澳RIO微醺mojito洋酒预调酒鸡尾酒330ml组合乌龙+红茶,43.00元,67人付款,上海,上海,67
453,江苏 苏州,RIO微醺鸡尾酒锐澳全新9口味小美好洋酒果酒330ml*9罐整箱装,79.80元,37人付款,江苏,苏州,37
454,上海,【胡兵推荐】LAIBA手工鸡尾酒礼盒套装白朗姆威士忌微醺低度洋酒,354.00元,10人付款,上海,上海,10
455,浙江 杭州,西班牙国民酒Sangria桑格利亚Lolea萝莉亚预调鸡尾酒葡萄酒红酒,158.00元,2人付款,浙江,杭州,2
456,北京,今夜不回家鸡尾酒套装洋酒古贝塔151朗姆黑加仑桃子配制酒基酒,213.33元,8人付款,北京,北京,8
457,河北 秦皇岛,24瓶装福斯玛莱预调鸡尾酒套餐水果味酒低价洋酒低度女士酒包邮,56.60元,8人付款,河北,秦皇岛,8
458,上海,新品鸡尾酒rio锐澳酒罐装微醺rio果茶乐橘乌龙萌檬红茶330ml*6罐,60.00元,44人付款,上海,上海,44
459,河南 许昌,动力火车酒鸡尾酒套装苏打酒混合口味300ml*24瓶装3.5度微醺整箱,198.00元,5人付款,河南,许昌,5
460,广东 广州,微醺鸡尾酒动力苏打酒整箱甜酒少女预调酒玻璃瓶水果酒基酒网红酒,59.00元,10人付款,广东,广州,10
461,上海,绿闪电 苦艾酒 ABSINTH鸡尾酒调酒基酒高度烈酒700ml进口洋酒正品,68.00元,9人付款,上海,上海,9
462,广东 广州,动力火车鸡尾酒女士果酒330*3罐,9.90元,100+人付款,广东,广州,100
463,天津,美国动力火车苏打酒诱惑型弱碱性苏打酒275ml*24整箱经济实惠,99.00元,14人付款,天津,天津,14
464,山东 东营,美国动力火车24瓶整箱苏打酒,26.65元,23人付款,山东,东营,23
465,福建 泉州,和乐怡HOROYOI日本进口三得利低度酒微醺鸡尾预调酒果酒白桃味,56.00元,11人付款,福建,泉州,11
466,河北 秦皇岛,8瓶装鸡尾酒整箱低度果味酒女士酒甜酒洋酒,12.90元,47人付款,河北,秦皇岛,47
467,上海,RIO锐澳鸡尾酒洋酒预调鸡尾酒果酒水蜜桃白兰地味275ml*6瓶,98.40元,6人付款,上海,上海,6
468,山东 济南,美国动力火车苏打酒果酒24瓶整箱调酒套装酒吧低度瓶装微醺鸡尾酒,198.00元,9人付款,山东,济南,9
469,上海,RIO锐澳3度微醺预调鸡尾酒330ml*8罐气泡果味酒低度女生酒整箱,58.20元,50人付款,上海,上海,50
470,江苏 苏州,RIO锐澳预调鸡尾酒微醺系列330ml*8罐组合热红酒圣诞冬季限定,60.00元,44人付款,江苏,苏州,44
471,上海,和乐怡HOROYOI三得利日本进口低度气泡预调酒350ml*6罐5口味可选1,55.00元,40人付款,上海,上海,40
472,广东 深圳,日本SUNTORY进口三得利和乐怡凤梨白桃味微醺桃子酒Horoyoi鸡尾酒,15.00元,100+人付款,广东,深圳,100
473,北京,日本进口果味酒三佳丽波子汽水味劲爽气泡酒伏特加配制酒340ml,15.80元,4人付款,北京,北京,4
474,上海,RIO锐澳3度小美好春季桃花米酿预调鸡尾酒低度果酒女士微醺甜酒,60.20元,88人付款,上海,上海,88
475,山东 烟台,苏打酒鸡尾酒果酒套装微醺葡萄味酒吧KTV配制酒275ml*24瓶整箱装,69.00元,18人付款,山东,烟台,18
476,广东 江门,新西兰紫星格苏打酒蜥蜴碱性微醺伏特加预调鸡尾酒派对女甜果味酒,89.00元,10人付款,广东,江门,10
477,江苏 常州,RIO锐澳清爽330ml*8罐5度气泡鸡尾酒微醺预调鸡尾酒苹果草莓青橘,42.90元,26人付款,江苏,常州,26
478,广东 广州,鸡尾酒套餐 天使之泪水母b52轰炸机彩虹鸡尾酒调酒基酒套装百利甜,388.00元,2人付款,广东,广州,2
479,江苏 无锡,【新品上市】十点一刻新口味泡泡怪系列微醺低度苏打气泡酒,49.00元,100+人付款,江苏,无锡,100
480,上海,日本原装进口真露预调鸡尾酒4度桃子葡萄微醺气泡果味酒350ml*6罐,37.50元,7人付款,上海,上海,7
481,上海,RIO锐澳预调鸡尾酒强爽8度4口味500ml*8罐气泡酒果酒伏特加基酒,119.00元,200+人付款,上海,上海,200
482,上海,RIO锐澳预调鸡尾酒清爽5度330ml*9罐低度甜酒气泡果酒晚安酒3口味,79.00元,600+人付款,上海,上海,600
483,上海,RIO锐澳3度微醺荔枝玫瑰口味330ml×1果酒洋酒预调鸡尾酒预调酒,9.90元,1000+人付款,上海,上海,1000
484,上海,【进口】four loko四洛克预调鸡尾酒酸苹果味695ml抖音网红酒,39.00元,72人付款,上海,上海,72
485,上海,【进口】four loko四洛克预调鸡尾酒草莓柠檬味695ml一罐装预调酒,39.00元,86人付款,上海,上海,86
486,上海,RIO锐澳鸡尾酒果酒微醺小美好喵喵酒6口味330ml*20罐预调酒,218.00元,11人付款,上海,上海,11
487,上海,三得利和乐怡HOROYOI日本进口鸡尾酒乳饮料味6罐装微醺果酒,99.00元,14人付款,上海,上海,14
488,浙江 杭州,【直营】德国彼得美德冰沛椰子味配制酒750ml*3预调瓶装鸡尾酒,258.00元,0人付款,浙江,杭州,0
489,浙江 杭州,【直营】德国彼得美德几米系列配制酒750ml*3瓶装红酒预调正品,258.00元,0人付款,浙江,杭州,0
490,陕西 西安,RIO锐澳预调鸡尾酒强爽系列8度葡萄伏特加口味500ml*24罐整箱果酒,71.40元,18人付款,陕西,西安,18
491,陕西 西安,RIO锐澳预调鸡尾酒微醺系列香草冰淇淋口味330ml*24罐整箱果味酒,45.00元,42人付款,陕西,西安,42
492,上海,日本三得利和乐怡HOROYOI网红低度预调酒网红鸡尾酒350mL*8果酒,160.00元,100+人付款,上海,上海,100
493,上海,日本进口三得利和乐怡网红低度鸡尾酒 葡萄味350mL*6罐果酒,95.00元,67人付款,上海,上海,67
494,上海,RIO锐澳鸡尾酒洋酒果酒42.-4.5度瓶装酒蓝玫瑰口味275ml*6瓶,98.40元,6人付款,上海,上海,6
495,上海,RIO锐澳微醺经典瓶锐澳275ml*6rio整箱鸡尾酒低度果酒升级霓虹,98.40元,6人付款,上海,上海,6
496,北京,鸡尾酒套餐 彩虹鸡尾酒 调酒套装基酒 六大洋酒套装送子弹杯吧勺,357.33元,4人付款,北京,北京,4
497,上海,【官方旗舰店】杰克丹尼威士忌预调酒鸡尾酒可乐苹果柠檬混12瓶装,225.00元,31人付款,上海,上海,31
498,上海,RIO锐澳蓝玫瑰口味微醺预调酒洋酒套装275ml*6瓶鸡尾酒瓶装884,89.00元,10人付款,上海,上海,10
499,浙江 嘉兴,RIO锐澳微醺预调鸡尾酒330ml*8罐整箱低度女士果酒洋酒官方旗舰店,40.00元,23人付款,浙江,嘉兴,23
500,四川 成都,RIO发光瓶装锐澳鸡尾酒预调酒果酒洋酒玻璃瓶升级经典瓶275ml箱装,69.00元,8人付款,四川,成都,8
501,上海,RIO锐澳微醺预调鸡尾酒330ml*8罐白桃味整箱低度果酒微醺少女洋酒,80.00元,19人付款,上海,上海,19
502,广东 深圳,嘉美心桃子利口酒日本原装进口蜜桃酒女士低度甜酒果酒微醺500ml,168.00元,12人付款,广东,深圳,12
503,河北 秦皇岛,8瓶装鸡尾酒微醺整箱水果酒女士洋酒网红酒甜酒预调鸡尾酒,19.90元,100+人付款,河北,秦皇岛,100
504,北京,洋酒教父鸡尾酒 苏格兰奥尔德乔克威士忌杏仁利口酒,153.33元,12人付款,北京,北京,12
505,河北 秦皇岛,8瓶混合装白兰地预调鸡尾酒低度女士水果味酒275ml 微醺甜酒包邮,18.90元,100+人付款,河北,秦皇岛,100
506,广东 深圳,酒语馆 日本进口Horoyoi和乐怡三得利微醺白桃乳味西瓜预调鸡尾酒,15.00元,59人付款,广东,深圳,59
507,江苏 镇江,RIO锐澳鸡尾酒罐装3度微醺白桃白兰地风味330ml预调酒女生小甜酒,36.80元,43人付款,江苏,镇江,43
508,上海,Rekorderlig cider瑞可德林西打酒果酒女士低度甜酒 330ml*7瓶,169.00元,12人付款,上海,上海,12
509,河南 洛阳,预调鸡尾酒24瓶装水果味女士酒微醺低度网红酒多口味磨砂瓶整箱,19.80元,11人付款,河南,洛阳,11
510,北京,正品冷光苏打酒整箱24瓶美国动力酒火车酒甜鸡尾酒果酒洋酒调制酒,36.80元,7人付款,北京,北京,7
511,浙江 嘉兴,RIO锐澳鸡尾酒微醺系列4口味330ml*8罐整箱预调酒洋酒果酒旗舰店,40.00元,23人付款,浙江,嘉兴,23
512,江苏 镇江,RIO锐奥鸡尾酒茶酒乐橘乌龙萌檬红茶330ml*6罐果茶新趣系列预调酒,36.80元,44人付款,江苏,镇江,44
513,江苏 苏州,【汇】BlueHour苏打气泡酒0糖0脂低卡预调低度微醺果酒鸡尾酒6罐,88.00元,11人付款,江苏,苏州,11
514,北京,luxerose酌忆麦卢卡蜂蜜酒洋酒预调鸡尾酒微醺果酒配制酒颜值礼盒,319.00元,4人付款,北京,北京,4
515,河北 秦皇岛,鸡尾酒微醺苏打酒整箱甜酒女士预调酒玻璃瓶水果酒洋酒网红酒,7.90元,94人付款,河北,秦皇岛,94
516,陕西 西安,rio微醺乐橘乌龙锐澳鸡尾酒晚安茶酒鸡尾酒果酒330ml*24罐气泡水,60.00元,21人付款,陕西,西安,21
517,广东 广州,BYself百晓芙0蔗糖0脂肪苏打气泡果酒低度微醺鸡尾酒双口味混合装,29.90元,700+人付款,广东,广州,700
518,湖南 长沙,【嗨拜】 硬气泡果酒微醺 鸡尾酒 果酒低度无糖330ml*4罐,49.00元,21人付款,湖南,长沙,21
519,上海,四洛克斯洛克fourloko预调鸡尾酒695ml甜型果味网红酒微醺洋酒,39.00元,16人付款,上海,上海,16
520,上海,锐澳RIO鸡尾酒喵喵酒微醺小美好系列果酒礼盒装6口味330ml*10罐,92.00元,14人付款,上海,上海,14
521,上海,可口可乐托帕客硬苏打气泡酒低糖0脂低度预调鸡尾果酒尝鲜气泡水,29.90元,300+人付款,上海,上海,300
522,上海,RIO锐澳微醺预调鸡尾酒rio微醺锐澳瓶装洋酒果酒330ml*8罐整箱,88.00元,16人付款,上海,上海,16
523,上海,RIO强爽鸡尾酒果酒预调酒0糖9度柠檬伏特加+西柚伏特加500ml*6罐,89.00元,25人付款,上海,上海,25
524,浙江 温州,香港新动力苏打酒275ml*24瓶狂野火车夜店酒吧KTV微醺鸡尾酒整箱,64.90元,32人付款,浙江,温州,32
525,江苏 苏州,RIO锐澳微醺预调鸡尾酒紫葡萄伏特加洋酒果酒330ml*24罐 整箱包邮,195.00元,5人付款,江苏,苏州,5
526,河北 秦皇岛,24瓶装威士忌预调鸡尾酒洋酒低度水果味酒套餐光瓶整箱低价包邮,56.60元,13人付款,河北,秦皇岛,13
527,广西 南宁,动力火车新干线苏打酒24瓶整箱鸡尾酒微醺275ML夜场KTV酒吧鸡尾酒,58.90元,20人付款,广西,南宁,20
528,广西 玉林,美国动力火车苏打酒275ml*24瓶装清爽果味微醺ktv酒吧同款鸡尾酒,83.99元,7人付款,广西,玉林,7
529,广东 广州,动力火车酒鸡尾酒预调酒果酒洋酒红色诱惑3.5度300ml*12瓶装整箱,128.00元,20人付款,广东,广州,20
530,上海,RIO锐澳3度微醺乳酸菌伏特加鸡尾酒套装330ml*8罐晚安低度果酒,80.00元,30人付款,上海,上海,30
531,江苏 苏州,RIO 锐澳鸡尾酒 套装预调酒果酒洋酒3度微醺 紫葡萄风味330ml*8罐,75.00元,11人付款,江苏,苏州,11
532,上海,日本原装进口宝酒造TaKaRa柚子/桃子/柠檬加气鸡尾酒低度微醺果酒,70.00元,11人付款,上海,上海,11
533,江苏 苏州,HOROYOI和乐怡三得利微醺鸡尾酒预调酒白桃乳饮料350mL*6日本进口,129.00元,20人付款,江苏,苏州,20
534,上海,【RiCO限定联名】RIO锐澳预调鸡尾酒微醺3度桃花米酿330ml*6罐,59.00元,1000+人付款,上海,上海,1000
535,上海,RIO锐澳预调鸡尾酒热红酒微醺5度330ml*8罐低度果酒洋酒气泡酒,79.00元,200+人付款,上海,上海,200
536,上海,RIO锐澳330ml*3清爽3口味洋酒预调鸡尾酒330ml*3,26.60元,100+人付款,上海,上海,100
537,上海,RIO锐澳微醺果味大满贯果酒预调鸡尾酒330ml*10,75.00元,35人付款,上海,上海,35
538,上海,三得利和乐怡日本进口鸡尾酒乳饮味350ml单罐微醺果酒预调酒,23.80元,200+人付款,上海,上海,200
539,上海,MissBerry贝瑞甜心低度气泡果酒微醺 混合口味330ml*3罐,32.40元,53人付款,上海,上海,53
540,上海,RIO锐澳3度微醺白桃口味白桃口味330ml*1果酒洋酒预调鸡尾酒,9.90元,1000+人付款,上海,上海,1000
541,浙江 杭州,【直营】德国彼得美德冰沛桃子味配制酒750ml*3瓶装白葡萄酒正品,279.00元,0人付款,浙江,杭州,0
542,浙江 杭州,【直营】德国彼得美德冰灵雷司令白葡萄酒750ml*3瓶装铂金正品,288.00元,0人付款,浙江,杭州,0
543,陕西 西安,RIO锐澳预调鸡尾酒微醺系列萌檬红茶330ml*24罐整箱果茶乐趣小酒,45.00元,24人付款,陕西,西安,24
544,上海,日本进口三得利和乐怡 网红低度预调鸡尾酒网红果酒350ml*6罐装,95.00元,59人付款,上海,上海,59
545,陕西 西安,RIO锐澳预调鸡尾酒微醺小美好甜心番石榴女生气泡果酒330ml*24罐,45.00元,29人付款,陕西,西安,29
546,上海,【会员优先购】日本进口三得利和乐怡果酒预调鸡尾酒第4罐0元,18.00元,200+人付款,上海,上海,200
547,北京,进口洋酒基酒鸡尾酒套装蓝色玛格丽特 龙舌兰日出 玛格丽特鸡尾酒,158.66元,10人付款,北京,北京,10
548,上海,RIO锐澳预调鸡尾酒8度强爽鸡尾酒330ml*8罐罐装水果洋酒正品整箱,79.60元,19人付款,上海,上海,19
549,浙江 嘉兴,淡真0糖0脂气泡酒3度果酒微醺鸡尾酒女士低度330ml白桃味,129.90元,600+人付款,浙江,嘉兴,600
550,河南 郑州,RTO欧蔓莎鸡尾酒 洋酒果酒 女生低度微醺瓶装275ml*5瓶装送启瓶器,29.80元,33人付款,河南,郑州,33
551,安徽 合肥,RIO锐澳鸡尾酒乳酸菌伏特加风味330ml6罐3度微醺预调酒果酒小甜酒,36.80元,21人付款,安徽,合肥,21
552,山东 临沂,磨砂瓶8瓶装预调鸡尾酒果酒洋酒女士低度果味酒好喝的微醺学生酒,27.80元,18人付款,山东,临沂,18
553,陕西 西安,锐澳rio鸡尾酒经典500ml*6罐装易拉罐低糖果酒低度预调酒洋酒,89.40元,8人付款,陕西,西安,8
554,上海,杰克丹尼威士忌预调酒 可乐柠檬苹果味330ml*6瓶装 威士忌可乐桶,72.00元,26人付款,上海,上海,26
555,北京,临期蓝莓冰锐24瓶Breezer百加得女士预调鸡尾酒275ml爱情公寓包邮,80.99元,4人付款,北京,北京,4
556,上海,现货 三得利微醺桃子酒6罐 日本原装进口horoyoi和乐怡鸡尾酒,90.00元,13人付款,上海,上海,13
557,陕西 西安,鸡尾酒rio锐澳整箱二十四瓶装强爽经典预调鸡尾酒果酒275ml玻璃瓶,94.80元,8人付款,陕西,西安,8
558,广东 深圳,酒语馆日本进口三得利菠萝鸡尾酒horoyoi和乐怡凤梨微醺西瓜,15.00元,25人付款,广东,深圳,25
559,河北 秦皇岛,新动力苏打酒非动力火车整箱24瓶装女士低度甜酒果酒鸡尾酒夜场酒,28.90元,37人付款,河北,秦皇岛,37
560,湖北 宜昌,荷兰进口 酷趴莫吉托大都会长岛冰茶鸡尾酒洋酒预调酒 700ml,120.15元,4人付款,湖北,宜昌,4
561,河北 秦皇岛,8瓶装鸡尾酒批发整箱酒少女水果酒味 洋酒网红酒微醺学生酒非啤酒,49.90元,89人付款,河北,秦皇岛,89
562,河北 秦皇岛,8瓶装8种口味DLTH白兰地预调鸡尾酒 275ml 低度果酒 洋酒,17.90元,18人付款,河北,秦皇岛,18
563,上海,BlueDash布鲁大师微醺潮饮非果酒0糖0脂低卡低度酒少女3瓶装,20.00元,30人付款,上海,上海,30
564,上海,LAIBA特调内格罗尼瓶装手工预调鸡尾酒金酒低度洋酒微醺酒,59.00元,5人付款,上海,上海,5
565,上海,RIO锐澳微醺预调鸡尾酒330ml*20罐rio一整箱低度果酒微醺少女洋酒,198.00元,8人付款,上海,上海,8
566,广东 广州,6罐 日本SUNTORY三得利和乐怡 限定微醺白桃蜜桃 低度预调鸡尾酒,90.00元,14人付款,广东,广州,14
567,四川 泸州,鸡尾酒整箱8瓶装4.8度水果酒洋酒低度甜酒磨砂瓶微醺少女士网红酒,29.90元,42人付款,四川,泸州,42
568,上海,rio锐澳鸡尾酒清爽女士草莓伏特加果酒饮料5度rio新口味330ml*8罐,67.00元,9人付款,上海,上海,9
569,上海,RIO锐澳微醺预调鸡尾酒rio微醺瓶装洋酒3度果酒白桃330ml*8罐整箱,80.00元,21人付款,上海,上海,21
570,四川 泸州,鸡尾酒整箱24瓶装预调酒洋酒水果酒低度酒网红酒女生士甜酒4.8度,89.80元,2人付款,四川,泸州,2
571,陕西 咸阳,锐澳RIO鸡尾酒桃花米酿微醺果酒草莓蜜桃酒礼盒限定新品联名rico,59.00元,28人付款,陕西,咸阳,28
572,陕西 西安,RIORico锐澳微醺小美好4口味少女鸡尾酒低度气泡果酒330ml*4罐装,35.00元,61人付款,陕西,西安,61
573,上海,Fourloko四洛克1罐装酸葡萄味鸡尾酒美国进口网红抖音果味酒,39.00元,32人付款,上海,上海,32
574,重庆,RIO锐澳HEYPOP气泡水饮料饮用水0糖0卡0脂4口味组合装330ml*12罐,49.90元,18人付款,重庆,重庆,18
575,上海,莫林莫西多薄荷风味糖浆MONIN浆玻璃瓶700ml咖啡鸡尾酒果汁饮料,83.00元,54人付款,上海,上海,54
576,上海,卡裴娜菠萝椰奶酒预调鸡尾酒微醺力娇酒350ml瓶装果酒女士利口酒,98.00元,29人付款,上海,上海,29
577,河北 秦皇岛,8瓶装白兰地预调鸡尾酒整箱装低价包邮低度女士酒水果味酒套餐,19.90元,62人付款,河北,秦皇岛,62
578,浙江 杭州,【直营】日本进口和乐怡鸡尾酒女士低度白桃气泡酒350mL*6罐果酒,99.00元,8人付款,浙江,杭州,8
579,上海,Costco开市客代购科克兰金色玛格丽特配制酒鸡尾酒洋酒1.75L 上海,74.40元,15人付款,上海,上海,15
580,上海,WAT恋爱盲盒小方瓶预调鸡尾酒 青梅辣芒果柚子低度酒洋酒x3瓶,149.00元,6人付款,上海,上海,6
581,河南 郑州,冬季限定新品RIO锐澳鸡尾酒3度微醺330ml香草冰淇淋热红酒泡酒,8.80元,300+人付款,河南,郑州,300
582,江苏 苏州,jackdaniels杰克丹尼威士忌预调鸡尾酒瓶装微醺 可乐味330ml*6支,96.00元,19人付款,江苏,苏州,19
583,日本,6罐suntory三得利麒麟草莓西瓜蜜桃哈密瓜荔枝菠萝水果微醺果酒,128.00元,11人付款,日本,日本,11
584,浙江 嘉兴,淡真0糖苏打果味气泡酒3度微醺酒饮料鸡尾酒女士白桃,129.90元,1000+人付款,浙江,嘉兴,1000
585,上海,动力火车酒鸡尾酒套装预调苏打酒混合口味300ml瓶装3.5度微醺,48.00元,11人付款,上海,上海,11
586,陕西 西安,RIO锐澳预调鸡尾酒强爽8度五口味组合装洋酒500ml*12罐气泡果味酒,168.80元,5人付款,陕西,西安,5
587,上海,RIO锐澳预调鸡尾酒清爽5度气泡酒330ml*9罐果酒洋酒果酒低度甜酒,79.00元,300+人付款,上海,上海,300
588,上海,RIO锐澳预调鸡尾酒微醺3度热红酒330ml*8罐低度果酒晚安酒女生酒,79.00元,400+人付款,上海,上海,400
589,上海,【进口】fourloko四洛克鸡尾酒暗夜款695ml单罐网红酒洋酒预调酒,39.00元,82人付款,上海,上海,82
590,上海,RIO锐澳3度微醺柠檬水果口味330ml*1果酒洋酒预调鸡尾酒罐装,9.90元,300+人付款,上海,上海,300
591,上海,MissBerry贝瑞甜心气泡果酒330ml*6罐纯果汁发酵,64.80元,21人付款,上海,上海,21
592,上海,RIO锐澳微醺3口味洋酒预调鸡尾酒330ml*3,29.80元,100+人付款,上海,上海,100
593,上海,RIO锐澳3度微醺葡萄口味口味330ml*1果酒洋酒预调鸡尾酒,9.90元,700+人付款,上海,上海,700
594,浙江 杭州,乌克兰Creamel凯利梅尔蜜瓜味奶油预调酒鸡尾酒200ml*6瓶装朗姆酒,139.00元,0人付款,浙江,杭州,0
595,浙江 杭州,【直营】德国彼得美德几米巧克力味配制酒750ml*3瓶装红酒正品,258.00元,0人付款,浙江,杭州,0
596,陕西 西安,RIO锐澳预调鸡尾酒少女酒微醺香槟口味330ml*24罐整箱气泡酒果酒,45.00元,43人付款,陕西,西安,43
597,陕西 西安,RIO锐澳预调鸡尾酒少女微醺系列柠檬伏特加口味330ml*6罐整箱果酒,45.00元,14人付款,陕西,西安,14
598,上海,日本三得利和乐怡低度网红预调酒缤纷350mL*6罐装果酒鸡尾酒,120.00元,30人付款,上海,上海,30
599,上海,日本进口三得利和乐怡HOROYOI网红低度预调酒缤纷8罐装果酒备,160.00元,53人付款,上海,上海,53
600,北京,锐澳（RIO） 鸡尾酒 微醺系列 3度 白桃味 330ml*8罐,59.00元,4人付款,北京,北京,4
601,上海,RIO锐澳微醺鸡尾酒预调鸡尾酒330ml*8罐气泡果味酒低度少女士酒,45.80元,23人付款,上海,上海,23
602,北京,香港新动力苏打酒美国动力酒火车酒诱惑型果酒女士鸡尾酒整箱24瓶,88.00元,5人付款,北京,北京,5
603,上海,杰克丹尼威士忌预调鸡尾酒 可乐味 柠檬味 苹果味 调酒基酒 6瓶装,72.00元,12人付款,上海,上海,12
604,上海,卡尔动力苏打酒24瓶装275ml夜场预调鸡尾酒KTV学生少女微醺水果酒,64.82元,3人付款,上海,上海,3
605,上海,日本进口汽酒 宝 TaKaRa 柠檬加气鸡尾酒 水果酒 配制酒 沙瓦,81.00元,2人付款,上海,上海,2
606,北京,超能派对动力3.5度苏打鸡尾酒火车预调配调制酒275ml*24瓶箱包邮,67.89元,10人付款,北京,北京,10
607,广东 广州,莫吉托鸡尾酒套餐 mojito洋酒 百加得白朗姆酒+青柠汁+调酒杯套装,75.00元,15人付款,广东,广州,15
608,上海,WAT小方瓶预调鸡尾酒 柚子酒低度微醺果味茶酒甜酒少女晚安酒x1瓶,48.00元,26人付款,上海,上海,26
609,上海,RIO锐澳微醺草莓预调鸡尾酒rio330ml*20罐洋气泡酒果酒少女饮料,206.00元,4人付款,上海,上海,4
610,上海,四洛克预调鸡尾酒礼盒装送礼 美国进口fourloko网红果酒5罐装,289.00元,2人付款,上海,上海,2
611,上海,微醺RIO鸡尾酒锐澳白桃rio微醺果酒预调鸡尾酒单口味330ml*9罐装,89.50元,23人付款,上海,上海,23
612,安徽 芜湖,RIO锐澳鸡尾酒洋酒预调酒微醺小美好系列香槟口味330ml*6罐,40.30元,21人付款,安徽,芜湖,21
613,上海,RIO锐澳鸡尾酒劲爽无糖气泡酒零度西柚柠檬强爽9度预调鸡尾酒果酒,77.50元,16人付款,上海,上海,16
614,北京,平行宇宙蜜桃果酒甜荔枝味洋酒套装女士微醺低度预调鸡尾酒12瓶装,138.00元,5人付款,北京,北京,5
615,河北 秦皇岛,24瓶整箱混合装白兰地预调鸡尾酒洋酒低度女士水果味酒甜酒包邮,49.90元,17人付款,河北,秦皇岛,17
616,上海,RIO锐澳微醺预调鸡尾酒rio微醺锐澳瓶装洋酒果酒275ml*24罐整箱,111.40元,3人付款,上海,上海,3
617,上海,【官方旗舰店】杰克丹尼美国威士忌预调酒鸡尾酒可乐味330ml*6瓶,110.00元,27人付款,上海,上海,27
618,江苏 常州,RIO锐澳275ml*6瓶蓝莓草莓蓝紫葡萄玫瑰水蜜桃果酒洋酒预调鸡尾酒,49.90元,8人付款,江苏,常州,8
619,上海,rio鸡尾酒 rio锐澳鸡尾酒微醺春季rio樱花限定锐澳鸡尾酒330ml6罐,43.00元,65人付款,上海,上海,65
620,河北 秦皇岛,预调鸡尾酒24瓶装rio果酒女士低度甜酒苏打酒瓶装整箱微醺网红酒,28.90元,2人付款,河北,秦皇岛,2
621,福建 厦门,巴玛苏罗 莫吉托金酒伏特加西班牙进口曼戈加气预调鸡尾酒女士酒,39.00元,13人付款,福建,厦门,13
622,上海,Kirkland科克兰金色玛格丽特配制酒1.75L 上海costco开市客代购,77.90元,19人付款,上海,上海,19
623,上海,四洛克酒 果味酒预调尾酒鸡组合装进口 网红斯洛克一瓶倒烈性啤酒,37.00元,24人付款,上海,上海,24
624,北京,香港新动力苏打酒整箱24瓶美国火车鸡尾酒诱惑型美少女果酒葡萄酒,36.80元,9人付款,北京,北京,9
625,河北 秦皇岛,8瓶装8款口味威士忌预调鸡尾酒275ml水果味酒【厂家直供】整箱,16.90元,59人付款,河北,秦皇岛,59
626,陕西 西安,RIO冰淇淋锐澳鸡尾酒微醺系列乳酸菌口味330ml*24罐整箱果酒瓶装,60.00元,17人付款,陕西,西安,17
627,上海,莫林纯蔗糖味糖浆 MONIN Pure CaneSugarsyrup 1000ML鸡尾酒 饮品,83.00元,44人付款,上海,上海,44
628,江苏 镇江,RIO锐澳鸡尾酒罐装3度微醺330ml*6罐预调酒节日聚会女生小甜酒,28.80元,30人付款,江苏,镇江,30
629,北京,Fourloko四洛克酒预调鸡尾酒美国草莓微醺特调酒果味网红酒葡语,39.00元,17人付款,北京,北京,17
630,上海,【每满5送1】杰克丹尼威士忌可乐柠檬苹果味预调鸡尾洋酒低度330m,13.90元,84人付款,上海,上海,84
631,上海,rio锐澳鸡尾酒微醺预调酒低度果味酒整箱多种口味330ml,36.00元,22人付款,上海,上海,22
632,上海,凯利梅尔 草莓味奶油鸡尾酒女士果味甜酒利口酒200ml 乌克兰进口,28.00元,48人付款,上海,上海,48
633,上海,RIO锐澳预调鸡尾酒8度强爽rio微醺瓶装果酒洋酒330ml*8罐正品整箱,79.60元,18人付款,上海,上海,18
634,北京,经典莫吉托mojito鸡尾酒西班牙玛桂MUGUA柠檬酒无需调配开瓶即饮,68.00元,20人付款,北京,北京,20
635,河北 秦皇岛,RED鸡尾酒整箱瓶装预调酒果酒甜女士微醺少女晚安网红非动力火车,48.60元,4人付款,河北,秦皇岛,4
636,浙江 嘉兴,RIO锐澳微醺预调鸡尾酒果酒洋酒330ml*8罐整箱低度女士酒旗舰店,45.00元,19人付款,浙江,嘉兴,19
637,上海,RIO锐澳 洋酒预调微醺系列3度鸡尾酒 330ml*3罐 女生果酒,16.90元,52人付款,上海,上海,52
638,上海,十点一刻苏打气泡酒0糖0脂果酒女士低度甜酒微醺鸡尾酒330ml*4罐,39.00元,26人付款,上海,上海,26
639,上海,RIO/锐澳鸡尾酒微醺6口味小美好系列330ml*6罐低度聚会休闲果酒,63.20元,10人付款,上海,上海,10
640,上海,RIO锐澳预调鸡尾酒清爽强爽330ml*10罐果酒女王礼盒装低度气泡酒,76.00元,300+人付款,上海,上海,300
641,上海,RIO锐澳预调鸡尾酒微醺小美好3度6口味330ml*20罐果酒女士气泡酒,198.00元,100+人付款,上海,上海,100
642,上海,RIO锐澳3度微醺百香果口味330ml×1果酒洋酒预调鸡尾酒罐装,9.90元,100+人付款,上海,上海,100
643,上海,三得利和乐怡HOROYOI日本进口鸡尾酒白桃乳味6罐装微醺果酒,99.00元,20人付款,上海,上海,20
644,上海,RIO锐澳微醺西柚柚子口味330ml*1果酒洋酒预调鸡尾酒罐装预调酒,10.90元,100+人付款,上海,上海,100
645,上海,生态农业 UMEET/悠蜜 蓝莓精酿 (半甜) 单瓶装550ML,289.00元,2人付款,上海,上海,2
646,上海,RIO年货节10罐礼盒装锐澳清爽强爽系列鸡尾酒组合330ml*10,79.90元,7人付款,上海,上海,7
647,浙江 杭州,Creamel凯利梅尔太妃味朗姆预调酒鸡尾酒200ml洋酒奶油酒女士,28.00元,0人付款,浙江,杭州,0
648,浙江 杭州,乌克兰Creamel凯利梅尔蜜瓜味朗姆酒预调酒鸡尾酒200ml奶油酒洋酒,28.00元,0人付款,浙江,杭州,0
649,陕西 西安,RIO锐澳预调鸡尾酒清爽青橘伏特加口味5度微甜气泡果酒330ml*24罐,39.00元,15人付款,陕西,西安,15
650,陕西 西安,RIO锐澳预调鸡尾酒微醺系列白桃接骨木花口味330ml*24罐整箱果酒,45.00元,17人付款,陕西,西安,17
651,上海,日本进口三得利气乐酒场柠檬沙瓦汽泡酒24罐囤货量贩装,380.00元,14人付款,上海,上海,14
652,上海,日本三得利和乐怡HOROYOI鸡尾酒盐西柚味350mL*6罐果酒,95.00元,28人付款,上海,上海,28
653,上海,RIO锐澳预调酒鸡尾酒清爽小美好微醺系列果酒HEYPOP气泡水330ml,8.90元,66人付款,上海,上海,66
654,天津,夜店美国动力梦幻新动力ktv275ml鸡尾酒苏打酒soda整箱24瓶拍4发8,198.00元,5人付款,天津,天津,5
655,四川 泸州,预调鸡尾酒24瓶套装整箱洋酒低度果味酒女士生甜酒香槟微醺起泡酒,89.80元,6人付款,四川,泸州,6
656,上海,锐澳鸡尾酒年货罐装白桃气泡rio微醺整箱清爽强爽少女果酒整箱,42.70元,19人付款,上海,上海,19
657,江苏 苏州,两支装罗伊花园蜜桃味荔枝味低度酒起泡酒葡萄酒微醺甜酒少女酒,267.00元,12人付款,江苏,苏州,12
658,上海,rio锐澳鸡尾酒夏季限定款清爽鸡尾酒饮料5度新口味果酒330ml*6罐,40.00元,27人付款,上海,上海,27
659,江苏 苏州,单支装罗伊花园蜜桃味荔枝味低度微醺起泡甜酒果味葡萄酒女士喜爱,133.00元,10人付款,江苏,苏州,10
660,陕西 咸阳,RIO锐澳鸡尾酒新品玻璃经典瓶装霓虹标气泡果酒低度酒预调酒整箱,94.40元,8人付款,陕西,咸阳,8
661,上海,RIO锐澳预调鸡尾酒8度强爽4口味装白桃葡萄柠檬西柚500ml*8罐,129.00元,13人付款,上海,上海,13
662,上海,杰克丹尼威士忌预调酒 柠檬味330ml*6瓶 洋酒鸡尾酒 Jack Daniels,72.00元,17人付款,上海,上海,17
663,上海,JOJO微醺低度果酒火山血橙气泡酒275ML*6瓶装鸡尾酒,89.00元,9人付款,上海,上海,9
664,河北 秦皇岛,预调鸡尾酒24瓶装rio果酒女士低度甜酒苏打酒瓶装整箱微醺网红,28.90元,2人付款,河北,秦皇岛,2
665,福建 厦门,巴玛苏罗 莫吉托金酒伏特加西班牙进口曼戈加气预调女士,39.00元,13人付款,福建,厦门,13
667,上海,四洛克酒 果味酒预调尾酒鸡组合装进口 网红斯洛克一瓶倒烈性啤,37.00元,24人付款,上海,上海,24
668,北京,香港新动力苏打酒整箱24瓶美国火车鸡尾酒诱惑型美少女果葡萄,36.80元,9人付款,北京,北京,9
670,陕西 西安,RIO冰淇淋锐澳鸡尾酒微醺系列乳酸菌口味330ml*24罐整箱果瓶装,60.00元,17人付款,陕西,西安,17
671,上海,莫林纯蔗糖味糖浆 MONIN Pure CaneSugarsyrup 1000ML 饮品,83.00元,44人付款,上海,上海,44
672,江苏 镇江,RIO锐澳鸡尾酒罐装3度微醺330ml*6罐预调酒节日聚会女生小甜,28.80元,30人付款,江苏,镇江,30
673,北京,Fourloko四洛克酒预调鸡尾酒美国草莓微醺特调酒果味网红葡语,39.00元,17人付款,北京,北京,17
681,上海,RIO锐澳 洋酒预调微醺系列3度鸡尾酒 330ml*3罐 女生果,16.90元,52人付款,上海,上海,52
682,上海,十点一刻苏打气泡酒0糖0脂果酒女士低度甜酒微醺鸡330ml*4罐,39.00元,26人付款,上海,上海,26
683,上海,RIO/锐澳鸡尾酒微醺6口味小美好系列330ml*6罐低度聚会休闲果,63.20元,10人付款,上海,上海,10
684,上海,RIO锐澳预调鸡尾酒清爽强爽330ml*10罐果酒女王礼盒装低度气泡,76.00元,300+人付款,上海,上海,300
685,上海,RIO锐澳预调鸡尾酒微醺小美好3度6口味330ml*20罐果女士气泡,198.00元,100+人付款,上海,上海,100
687,上海,三得利和乐怡HOROYOI日本进口鸡尾酒白桃乳味6罐装微醺果,99.00元,20人付款,上海,上海,20
688,上海,RIO锐澳微醺西柚柚子口味330ml*1果酒洋酒预调鸡尾酒罐装,10.90元,100+人付款,上海,上海,100
699,四川 泸州,预调鸡尾酒24瓶套装整箱洋酒低度果味酒女士生甜酒香槟微醺起泡,89.80元,6人付款,四川,泸州,6
700,上海,锐澳鸡尾酒年货罐装白桃气泡rio微醺整箱清爽强爽少女果整箱,42.70元,19人付款,上海,上海,19
701,江苏 苏州,两支装罗伊花园蜜桃味荔枝味低度酒起泡酒葡萄酒微醺甜少女,267.00元,12人付款,江苏,苏州,12
702,上海,rio锐澳鸡尾酒夏季限定款清爽鸡尾酒饮料5度新口味果330ml*6罐,40.00元,27人付款,上海,上海,27
703,江苏 苏州,单支装罗伊花园蜜桃味荔枝味低度微醺起泡甜酒果味葡萄女士喜爱,133.00元,10人付款,江苏,苏州,10
704,陕西 咸阳,RIO锐澳鸡尾酒新品玻璃经典瓶装霓虹标气泡果酒低度整箱,94.40元,8人付款,陕西,咸阳,8
707,上海,JOJO微醺低度果酒火山血橙气泡酒275ML*6瓶装鸡尾,89.00元,9人付款,上海,上海,9
