goods,price,image,deal,name,location
【RiCO联名限定】RIO锐澳鸡尾酒微醺3度桃花米酿10罐低度气泡果酒,99.00元,https://g-search3.alicdn.com/img/bao/uploaded/i4/i4/1761481772/O1CN010MpyvG1OxcZmxF9eR_!!1761481772.jpg_580x580Q90.jpg,7000+人付款,rio锐澳旗舰店,上海
RIO锐澳预调鸡尾酒微醺小美好3度16口味330ml*20罐果酒低度气泡酒,198.00元,https://g-search1.alicdn.com/img/bao/uploaded/i4/i2/1761481772/O1CN01HDb6X61OxcZYBFXDn_!!0-item_pic.jpg_580x580Q90.jpg,2000+人付款,rio锐澳旗舰店,上海
RIO锐澳清爽5度微甜气泡鸡尾酒330ml×9罐+气泡水*1罐,58.80元,https://g-search3.alicdn.com/img/bao/uploaded/i4/i4/6000000001141/O1CN01cZsoB41KIceSZZchD_!!6000000001141-0-picassoopen.jpg_580x580Q90.jpg,5000+人付款,天猫超市,上海
【领券减】日本原装进口三得利和乐怡预调鸡尾酒350mL*8低度果酒,139.00元,https://g-search3.alicdn.com/img/bao/uploaded/i4/i3/2207612002701/O1CN01zXp7tn1Vp6WDLP4lb_!!0-item_pic.jpg_580x580Q90.jpg,1万+人付款,三得利预调酒官方旗舰店,上海
RIO锐澳微醺联名rico预调鸡尾酒330ml*20罐气泡果味低度少女士酒,160.20元,https://g-search3.alicdn.com/img/bao/uploaded/i4/i1/2208384706729/O1CN01OCWjPE1zZvrm1YqoK_!!0-item_pic.jpg_580x580Q90.jpg,1000+人付款,圆兔食品专营店,上海
RIO锐澳微醺小美好加量不加价礼盒330ml*12洋酒预调鸡尾酒,88.00元,https://g-search2.alicdn.com/img/bao/uploaded/i4/i2/6000000007801/O1CN01XG7e5K27UuSAVfwkJ_!!6000000007801-0-picassoopen.jpg_580x580Q90.jpg,3000+人付款,天猫超市,上海
RIO锐澳3度微醺5口味330ml*8罐预调鸡尾酒组合组合装洋酒预调酒,104.00元,https://g-search3.alicdn.com/img/bao/uploaded/i4/i1/6000000001628/O1CN01M82fP11NtfXKRdthZ_!!6000000001628-0-picassoopen.jpg_580x580Q90.jpg,3000+人付款,天猫超市,上海
RIO锐澳鸡尾酒果酒微醺小美好喵喵酒6口味330ml*10罐,104.00元,https://g-search3.alicdn.com/img/bao/uploaded/i4/i1/6000000002661/O1CN01Q5H7A81VWmfqEchkU_!!6000000002661-0-picassoopen.jpg_580x580Q90.jpg,2000+人付款,天猫超市,上海
RIO锐澳微醺联名rico预调鸡尾酒330ml*8罐气泡果味酒低度少女士酒,30.00元,https://g.alicdn.com/s.gif,2000+人付款,圆兔食品专营店,上海
【RiCO联名限定】RIO锐澳微醺预调酒3度桃花米酿低度果酒330ml*8,104.00元,https://g.alicdn.com/s.gif,1000+人付款,天猫超市,上海
RIO锐澳微醺小美好加量不加价330ml*12洋酒预调鸡尾酒,72.00元,https://g.alicdn.com/s.gif,300+人付款,够实汇超市,上海
【直营】日本进口 三得利和乐怡HOROYOI预调气泡鸡尾酒350ml*10听,200.00元,https://g.alicdn.com/s.gif,100+人付款,天猫国际进口超市,浙江 杭州
动力火车酒鸡尾酒套装洋酒基酒混合300ml*24瓶装整箱苏打酒正品,248.00元,https://g.alicdn.com/s.gif,200+人付款,动力火车酒类旗舰店,广东 广州
日本原装进口三得利和乐怡缤纷6罐350mL低度网红果酒预调鸡尾酒,48.00元,https://g.alicdn.com/s.gif,1000+人付款,三得利预调酒官方旗舰店,上海
【直营】日本进口 三得利和乐怡HOROYOI预调鸡尾酒6口味350ml*6听,99.00元,https://g.alicdn.com/s.gif,100+人付款,天猫国际进口超市,浙江 杭州
Fourloko四洛克酒进口预调鸡尾酒果味酒派对网红微醺特调酒4瓶装,156.00元,https://g.alicdn.com/s.gif,300+人付款,fourloko旗舰店,上海
rio微醺预调鸡尾酒气泡酒锐澳微醺鸡尾酒rio锐澳整箱20罐*330ml,169.40元,https://g.alicdn.com/s.gif,300+人付款,归昕酒类专营店,上海
RIO锐澳预调鸡尾酒微醺草莓乳酸菌伏特加口味330ml*24罐整箱果酒,36.00元,https://g.alicdn.com/s.gif,100+人付款,玉杞儿酒类专营店,陕西 西安
【百威浮起茶酒】预调鸡尾酒起泡酒低卡女士微醺气泡酒甜果酒3罐,39.90元,https://g.alicdn.com/s.gif,1万+人付款,浮起旗舰店,湖北 武汉
RIO锐澳微醺联名rico预调鸡尾酒330ml*20罐洋气泡酒果酒少女饮料,160.20元,https://g.alicdn.com/s.gif,300+人付款,薇风阁食品专营店,上海
RIO锐澳微醺联名rico预调鸡尾酒330ml*8罐气泡果味酒低度少女士酒,30.00元,https://g.alicdn.com/s.gif,1000+人付款,薇风阁食品专营店,上海
fourloko四洛克预调鸡尾酒新品墨西哥进口网红高度水果味酒一瓶装,29.70元,https://g.alicdn.com/s.gif,800+人付款,fourloko旗舰店,上海
女神节rio锐澳微醺清爽330ml*6微醺小美好气泡鸡尾酒少女果酒整箱,57.00元,https://g.alicdn.com/s.gif,1000+人付款,杨之甘录,上海
日本三得利和乐怡微醺SUNTORY白桃限定凤梨果酒ほろい草莓鸡尾酒,66.00元,https://g.alicdn.com/s.gif,500+人付款,国际正品全球购总店,广东 深圳
RIO锐澳微醺3口味洋酒预调鸡尾酒330ml×3罐,40.00元,https://g.alicdn.com/s.gif,600+人付款,够实汇超市,上海
RIO锐澳预调鸡尾酒8度强爽白桃味8罐套装高度果味酒低度洋酒整箱,40.00元,https://g.alicdn.com/s.gif,800+人付款,锐澳师捷专卖店,上海
动力火车酒鸡尾酒套装苏打酒混合口味300ml*12瓶装3.5度微醺整箱,128.00元,https://g.alicdn.com/s.gif,300+人付款,动力火车酒类旗舰店,广东 广州
【4罐新品尝鲜】大于等于九预调气泡酒0脂微醺鸡尾酒4口味甜果酒,49.00元,https://g.alicdn.com/s.gif,1000+人付款,大于等于九旗舰店,山东 青岛
RIO锐澳微醺联名rico预调鸡尾酒330ml*20罐洋气泡酒果酒少女饮料,160.20元,https://g.alicdn.com/s.gif,200+人付款,石洱食品专营店,上海
初气网红硬苏打预调鸡尾酒网红气泡酒微醺少女感白桃果味酒4瓶装,63.80元,https://g.alicdn.com/s.gif,6人付款,来伊份官方旗舰店,上海
美国动力火车24瓶苏打酒整箱装275ml低度网红预调酒吧清爽鸡尾酒,182.00元,https://g.alicdn.com/s.gif,100+人付款,龙远商贸1912,山东 济南
满减 初气网红硬苏打预调鸡尾酒网红气泡酒微醺少女感白桃果味酒,26.00元,https://g.alicdn.com/s.gif,3人付款,来伊份官方旗舰店,上海
彼得美德咖啡酒甜型红葡萄酒750ml红酒瓶装进口鸡尾酒德国正品,188.10元,https://g.alicdn.com/s.gif,1人付款,天猫国际进口超市国内现货,上海
乌克兰Creamel凯利梅尔草莓味鸡尾酒200ml 奶油酒果酒女士进口,28.00元,https://g.alicdn.com/s.gif,0人付款,天猫国际进口超市国内现货,上海
Blue Dash布鲁大师15度微醺零糖青瓜风味利口酒1瓶装少女甜酒,138.00元,https://g.alicdn.com/s.gif,200+人付款,bluedash旗舰店,上海
空卡苏打酒气泡酒低糖果酒低度预调酒鸡尾酒微醺350ml*6瓶装,99.90元,https://g.alicdn.com/s.gif,500+人付款,空卡旗舰店,浙江 杭州
(RiCO潮玩联名）RIO锐澳桃花米酿鸡尾酒气泡鸡尾酒少女果酒整箱,60.00元,https://g.alicdn.com/s.gif,800+人付款,归昕酒类专营店,上海
RIO锐澳微醺鸡尾酒预调鸡尾酒330ml*10罐气泡果味酒低度少女士酒,64.40元,https://g.alicdn.com/s.gif,700+人付款,rio锐澳韦易卖店,上海
杰克丹尼 威士忌 预调酒 柠檬味苹果味可乐味6瓶装正品鸡尾酒前红,62.00元,https://g.alicdn.com/s.gif,400+人付款,上海前红酒业,上海
空卡苏打酒气泡酒低糖果味果酒低度预调酒鸡尾酒微醺350ml*12瓶装,199.90元,https://g.alicdn.com/s.gif,100+人付款,空卡旗舰店,浙江 杭州
动力火车六种口味酒吧预调酒鸡尾酒300ml整箱24瓶特价促销,153.00元,https://g-search1.alicdn.com/img/bao/uploaded/i4/i4/924410035/O1CN01OvRofY1C84bG0WffZ_!!924410035.png_580x580Q90.jpg,6人付款,丹丹酒水网购店,上海
RIO锐澳微醺鸡尾酒预调鸡尾酒330ml*24罐气泡果味酒低度少女士酒,159.00元,https://g-search1.alicdn.com/img/bao/uploaded/i4/i3/2200606314837/O1CN01pvt5sh1lbOVYkm8Xx_!!0-item_pic.jpg_580x580Q90.jpg,100+人付款,恒谦酒类专营店,上海
女神节酒礼盒情人节锐澳RIO微醺鸡尾预调气泡强爽女生果酒整箱,34.00元,https://g-search1.alicdn.com/img/bao/uploaded/i4/i4/3581934542/O1CN01ZvTOzV1jQHg2FTSv9_!!0-item_pic.jpg_580x580Q90.jpg,700+人付款,杨之甘录,上海
RIO锐澳鸡尾酒罐装330ml*24罐3度微醺六口味组合装低度果酒预调酒,138.80元,https://g-search3.alicdn.com/img/bao/uploaded/i4/i4/694732853/O1CN01J7YBOU1WwiiNJJpyo_!!694732853.jpg_580x580Q90.jpg,100+人付款,白石挖宝,江苏 镇江
上海costco美国Kirkland科克兰金色玛格丽特配制酒鸡尾酒1.75L,75.90元,https://g-search3.alicdn.com/img/bao/uploaded/i4/i1/3243447409/O1CN018tfFwM24bN4eOO1Pl_!!3243447409.jpg_580x580Q90.jpg,500+人付款,易海购美国代购直邮,上海
WAT微醺起泡酒 网红鸡尾酒 果酒女士晚安酒乳酸菌绿茶冻柠6罐装,70.80元,https://g-search3.alicdn.com/img/bao/uploaded/i4/i3/2210784930900/O1CN01eOJrPl1IWFCq0P0qq_!!0-item_pic.jpg_580x580Q90.jpg,3000+人付款,watisgood旗舰店,上海
RIO锐澳微醺联名Rio预调鸡尾酒330ml*8罐气泡果味酒低度少女士酒,60.20元,https://g-search1.alicdn.com/img/bao/uploaded/i4/i3/2213205951220/O1CN01FZrTUP1KsnwVCjTgo_!!0-item_pic.jpg_580x580Q90.jpg,500+人付款,石洱食品专营店,上海
Rekorderlig cider瑞可德林西打酒果酒瓶装女士低度甜酒鸡尾酒6瓶,149.00元,https://g-search1.alicdn.com/img/bao/uploaded/i4/i4/2775546673/O1CN01Fbwcxn1zAHgT7Uh7q_!!0-item_pic.jpg_580x580Q90.jpg,200+人付款,rekorderlig旗舰店,上海
上海costco美国Kirkland科克兰金色玛格丽特配制酒鸡尾酒1.75L,75.90元,https://g-search2.alicdn.com/img/bao/uploaded/i4/i1/3243447409/O1CN018tfFwM24bN4eOO1Pl_!!3243447409.jpg_580x580Q90.jpg_.webp,500+人付款,易海购美国代购直邮,上海
WAT微醺起泡酒 网红鸡尾酒 果酒女士晚安酒乳酸菌绿茶冻柠6罐装,70.80元,https://g-search1.alicdn.com/img/bao/uploaded/i4/i3/2210784930900/O1CN01eOJrPl1IWFCq0P0qq_!!0-item_pic.jpg_580x580Q90.jpg_.webp,3000+人付款,watisgood旗舰店,上海
RIO锐澳微醺联名Rio预调鸡尾酒330ml*8罐气泡果味酒低度少女士酒,60.20元,https://g-search1.alicdn.com/img/bao/uploaded/i4/i3/2213205951220/O1CN01FZrTUP1KsnwVCjTgo_!!0-item_pic.jpg_580x580Q90.jpg_.webp,500+人付款,石洱食品专营店,上海
Rekorderlig cider瑞可德林西打酒果酒瓶装女士低度甜酒鸡尾酒6瓶,149.00元,https://g-search2.alicdn.com/img/bao/uploaded/i4/i4/2775546673/O1CN01Fbwcxn1zAHgT7Uh7q_!!0-item_pic.jpg_580x580Q90.jpg_.webp,200+人付款,rekorderlig旗舰店,上海
RIO锐澳预调鸡尾酒8度强爽rio微醺瓶装樱花限定330ml*8罐正品整箱,59.40元,https://g-search3.alicdn.com/img/bao/uploaded/i4/i2/2206482797585/O1CN01V9qWzr25tytf5iSD1_!!0-item_pic.jpg_580x580Q90.jpg_.webp,300+人付款,rio锐澳韦易卖店,上海
ROL预调鸡尾酒锐奥滋微醺少女果酒洋酒低度酒275ml*6瓶一箱混合装,28.80元,https://g-search1.alicdn.com/img/bao/uploaded/i4/i1/871381896/O1CN01eVcsQ41PsPZAlV1Cc_!!871381896.jpg_580x580Q90.jpg_.webp,700+人付款,吴金贤528,广东 揭阳
日本进口 三得利HOROYOI和乐怡白桃乳冰柠茶味凤梨鸡尾酒果酒礼物,54.00元,https://g-search3.alicdn.com/img/bao/uploaded/i4/i1/2211109691043/O1CN01U7zYCs1JZjq5NsmY8_!!2211109691043.jpg_580x580Q90.jpg_.webp,100+人付款,tb041044830,上海
RIO锐澳鸡尾酒乳酸菌伏特加风味330ml*6罐3度微醺系列预调酒果酒,36.80元,https://g-search3.alicdn.com/img/bao/uploaded/i4/i2/694732853/O1CN01yAWktR1WwifBw8Rbu_!!694732853.jpg_580x580Q90.jpg_.webp,400+人付款,白石挖宝,江苏 镇江
鸡尾酒整箱24瓶装 女士低度水果味酒套装甜酒套餐 预调酒,49.90元,https://g-search1.alicdn.com/img/bao/uploaded/i4/i1/869290303/O1CN011E6oSqHk1WUV7Tu_!!869290303.jpg_580x580Q90.jpg_.webp,100+人付款,筱燕儿呦呦,河北 秦皇岛
【RiCO联名限定】RIO锐澳预调鸡尾酒微醺3度7口味组合330mL*10罐,99.00元,https://g-search3.alicdn.com/img/bao/uploaded/i4/i4/1761481772/O1CN01UnrNNB1OxcZfHV7nR_!!0-item_pic.jpg_580x580Q90.jpg_.webp,2万+人付款,rio锐澳旗舰店,上海
RIO锐澳预调鸡尾酒强爽8度330ml*8罐白桃味气泡酒果酒伏特加基酒,72.00元,https://g-search3.alicdn.com/img/bao/uploaded/i4/i3/1761481772/O1CN01wgV6YR1OxcZU9Myt4_!!0-item_pic.jpg_580x580Q90.jpg_.webp,3000+人付款,rio锐澳旗舰店,上海
RIO锐澳3度微醺7口味330ml*8罐洋酒预调鸡尾酒套装,104.00元,https://g-search2.alicdn.com/img/bao/uploaded/i4/i2/6000000005092/O1CN01HYYBbL1nUBVg0AqhA_!!6000000005092-0-picassoopen.jpg_580x580Q90.jpg_.webp,1000+人付款,天猫超市,上海
RIO锐澳经典6口味275ml*6果酒洋酒预调鸡尾酒整箱预调酒,140.00元,https://g.alicdn.com/s.gif,500+人付款,天猫超市,上海
RIO锐澳微醺果味大满贯果酒洋酒预调鸡尾酒330ml×10预调酒,99.00元,https://g.alicdn.com/s.gif,1000+人付款,天猫超市,上海
RIO锐澳清爽加量不加价礼盒330ml*12洋酒预调鸡尾酒,168.00元,https://g.alicdn.com/s.gif,300+人付款,天猫超市,上海
【现货】三得利和乐怡HOROYOI日本进口鸡尾酒6口味全家福350ml*6,99.00元,https://g.alicdn.com/s.gif,300+人付款,天猫超市,上海
【直营】日本进口 三得利和乐怡鸡尾酒白桃味350mL*6罐果酒日本酒,99.00元,https://g.alicdn.com/s.gif,60人付款,天猫国际进口超市,浙江 杭州
Fourloko四洛克酒预调鸡尾酒美国进口微醺特调酒果味网红酒2瓶装,78.00元,https://g.alicdn.com/s.gif,700+人付款,fourloko旗舰店,上海
Fourloko四洛克酒预调鸡尾酒果酒梅子酒进口特调洋酒烈酒十罐装,390.00元,https://g.alicdn.com/s.gif,100+人付款,fourloko旗舰店,上海
【直营】日本进口三得利和乐怡气乐酒场柠檬沙瓦味350mL*6罐果酒,99.00元,https://g.alicdn.com/s.gif,45人付款,天猫国际进口超市,浙江 杭州
RIO锐澳3.8度经典6口味275ml*6罐果酒洋酒预调鸡尾酒整箱预调酒,89.00元,https://g.alicdn.com/s.gif,20人付款,够实汇超市,上海
RIO锐澳3度微醺7口味330ml*8罐果酒洋酒预调鸡尾酒,60.00元,https://g.alicdn.com/s.gif,12人付款,够实汇超市,上海
RIO锐澳微醺预调鸡尾酒rio微醺锐澳瓶装洋酒果酒275ml*24罐整箱,111.40元,https://g.alicdn.com/s.gif,200+人付款,圆兔食品专营店,上海
Creamel凯利梅尔太妃味朗姆预调酒鸡尾酒200ml乌克兰进口女士果酒,28.00元,https://g.alicdn.com/s.gif,0人付款,天猫国际进口超市国内现货,上海
乌克兰Creamel凯利梅尔蜜瓜味朗姆预调酒鸡尾酒200ml奶油酒女士,28.00元,https://g.alicdn.com/s.gif,0人付款,天猫国际进口超市国内现货,上海
动力火车鸡尾酒预调酒基酒套装洋酒诱惑300ml*24瓶装整箱苏打酒,248.00元,https://g.alicdn.com/s.gif,85人付款,动力火车酒类旗舰店,广东 广州
RIO锐澳微醺联名rico预调鸡尾酒330ml*8罐气泡果味酒低度少女士酒,37.50元,https://g.alicdn.com/s.gif,400+人付款,石洱食品专营店,上海
日本三得利和乐怡网红低度预调鸡尾酒 全家福7口味350mL*12罐装,190.00元,https://g.alicdn.com/s.gif,200+人付款,三得利预调酒官方旗舰店,上海
RIO锐澳微醺预调鸡尾酒330ml*20罐rio清爽低度气泡水果酒洋酒整箱,71.20元,https://g.alicdn.com/s.gif,200+人付款,圆兔食品专营店,上海
RIO锐澳经典预调鸡尾酒275ml瓶装果酒六种口味,258.00元,https://g.alicdn.com/s.gif,30人付款,瓦伦丁进口啤酒,北京
【推荐】WAT小方瓶预调鸡尾酒 威士忌低度酒晚安酒果味女生酒x3瓶,145.00元,https://g.alicdn.com/s.gif,100+人付款,watisgood旗舰店,上海
Blue Dash布鲁大师15度微醺零糖青瓜风味利口酒2瓶装少女甜酒,276.00元,https://g.alicdn.com/s.gif,55人付款,bluedash旗舰店,上海
新日期 欧曼莎鸡尾酒鸡尾酒预调RTO鸡尾酒275ml*24瓶整箱京东快递,98.00元,https://g.alicdn.com/s.gif,100+人付款,爱优喂真好吃,河北 秦皇岛
RIO锐澳微醺乳酸菌全系列小美好330ml低度气泡鸡尾酒少女果酒整箱,54.00元,https://g.alicdn.com/s.gif,500+人付款,归昕酒类专营店,上海
鸡尾酒整箱24瓶套装女士饮料预调果酒洋酒低度酒学生水果味酒正品,89.80元,https://g.alicdn.com/s.gif,47人付款,定成酒水经营部,四川 泸州
和乐怡HOROYOI三得利日本进口低度微醺预调酒鸡尾酒果酒白桃350ml,65.00元,https://g.alicdn.com/s.gif,100+人付款,众酉酒类专营店,上海
FOUR LOKO美国进口四洛克预调鸡尾酒695ml水蜜桃西瓜柑橘草莓柠檬,39.00元,https://g.alicdn.com/s.gif,300+人付款,513894747yy,上海
RIO锐澳鸡尾酒3度微熏系列330ml细罐10种口味可选洋酒预调鸡尾酒,34.80元,https://g.alicdn.com/s.gif,500+人付款,tb589734491,江苏 南京
日本进口三得利和乐怡缤纷6口味350ml*6罐果酒预调鸡尾酒组合装,95.00元,https://g.alicdn.com/s.gif,1000+人付款,三得利预调酒官方旗舰店,上海
RIO锐澳鸡尾酒劲爽无糖气泡酒零度强爽9度8度鸡尾酒果酒年货强爽,65.60元,https://g.alicdn.com/s.gif,100+人付款,归昕酒类专营店,上海
24瓶装伏特加预调鸡尾酒低度水果味酒套餐光瓶整箱低价包邮,56.60元,https://g-search3.alicdn.com/img/bao/uploaded/i4/i1/2529603409/O1CN01o72N8x1b3MkB4XiVN_!!2529603409.jpg_580x580Q90.jpg_.webp,89人付款,正品良心酒,河北 秦皇岛
动力火车苏打酒鸡尾酒洋酒套装混合300ml*6瓶装整箱低度酒正品,65.00元,https://picasso.alicdn.com/imgextra/O1CNA10zFbsi1GVD517OzOV_!!2201297390627-0-psf.jpg_580x580Q90.jpg_.webp,200+人付款,动力火车酒类旗舰店,广东 广州
网红24瓶装微醺饮料鸡尾酒青少年女士果酒各式酒水白橙糖微型气,109.60元,https://g-search1.alicdn.com/img/bao/uploaded/i4/i1/871381896/O1CN01w3LY4G1PsPZAnV0q9_!!871381896.jpg_580x580Q90.jpg_.webp,100+人付款,吴金贤528,广东 揭阳
锐澳RIO微醺玫瑰荔枝口味洋酒预调酒鸡尾酒330ml*6 多罐组合装,43.00元,https://g-search1.alicdn.com/img/bao/uploaded/i4/i3/3581934542/O1CN01bRX0591jQHg4v96LY_!!0-item_pic.jpg_580x580Q90.jpg_.webp,600+人付款,杨之甘录,上海
美国动力诱惑型火车极度尖叫苏打酒鸡尾酒24瓶整箱拍2发3动力火车,198.00元,https://g-search3.alicdn.com/img/bao/uploaded/i4/i3/59467291/O1CN01gJaJNC23jKQkb8w7q_!!59467291.jpg_580x580Q90.jpg_.webp,23人付款,_燕子窝_,天津
RIO锐澳微醺预调鸡尾酒275ml*24瓶鸡尾酒(整箱可拼口味)水果酒,245.00元,https://g-search3.alicdn.com/img/bao/uploaded/i4/i4/3230001916/O1CN01Ntycws1Q1ZYrp9ZXH_!!3230001916.jpg_580x580Q90.jpg_.webp,36人付款,正序酒业,上海
淡真0糖0脂果味苏打气泡酒3度果酒微醺鸡尾酒低度女士酒330ml*12,99.60元,https://g-search3.alicdn.com/img/bao/uploaded/i4/i2/2211621531849/O1CN01AUp7jl1PWt4MTLqnm_!!0-item_pic.jpg_580x580Q90.jpg_.webp,600+人付款,淡真旗舰店,浙江 嘉兴
美国动力火车24瓶整箱苏打酒果酒预调酒低度清爽鸡尾酒正品包邮,182.00元,https://g-search3.alicdn.com/img/bao/uploaded/i4/i2/1990706893/O1CN01zyQGBi20n2mm9Uwth_!!1990706893.jpg_580x580Q90.jpg_.webp,86人付款,龙远商贸1912,山东 济南
空卡苏打酒气泡酒低糖果酒低度预调酒鸡尾酒微醺350ml*24瓶装,369.90元,https://g-search3.alicdn.com/img/bao/uploaded/i4/i1/2209943362464/O1CN01BSJCVw1U4YeISzsaM_!!0-item_pic.jpg_580x580Q90.jpg_.webp,37人付款,空卡旗舰店,浙江 杭州
瓶叮咚酒酒遛自调鸡尾酒果味酒微醺女酒低度甜酒网红酒礼盒,139.00元,https://picasso.alicdn.com/imgextra/O1CNA1mDWLzI2NgOEXmfpWk_!!2212806289992-0-psf.jpg_580x580Q90.jpg_.webp,89人付款,瓶叮咚旗舰店,广东 东莞
RIO锐澳微醺鸡尾酒预调鸡尾酒330ml*8罐整箱气泡果味低度少女士酒,61.40元,https://g-search1.alicdn.com/img/bao/uploaded/i4/i1/2206482797585/O1CN01P4nehQ25tytq2hyr7_!!0-item_pic.jpg_580x580Q90.jpg_.webp,200+人付款,rio锐澳韦易卖店,上海
RIO锐澳微醺小美好新年新口味微醺鸡尾酒果酒预调酒正品整箱330ml,54.00元,https://g-search3.alicdn.com/img/bao/uploaded/i4/i3/2209443060491/O1CN01bb0R1Y1FUvCw3XErU_!!0-item_pic.jpg_580x580Q90.jpg_.webp,300+人付款,尚瑞食品专营店,江苏 苏州
RIO锐澳微醺联名rico预调鸡尾酒330ml*8罐气泡果味酒低度少女士酒,37.50元,https://g-search3.alicdn.com/img/bao/uploaded/i4/i4/2213240159969/O1CN01tmJEMG2NVr7izRmNh_!!0-item_pic.jpg_580x580Q90.jpg_.webp,200+人付款,薇风阁食品专营店,上海
ROL锐奥滋鸡尾酒预调洋酒果酒甜酒女生低度3.8度瓶装 275ml24整箱,29.80元,https://g-search3.alicdn.com/img/bao/uploaded/i4/i1/1920778493/O1CN0127LgxX2CbqVCtf2x0_!!1920778493.jpg_580x580Q90.jpg_.webp,300+人付款,宋凤锐,河南 郑州
RIO锐澳预调鸡尾酒强爽zero9度0糖健身组合装500ml*6罐微醺果味酒,81.40元,https://g-search1.alicdn.com/img/bao/uploaded/i4/i3/2212130209313/O1CN01eQ7I2l2IfPIcwHOAD_!!0-item_pic.jpg_580x580Q90.jpg_.webp,97人付款,锐澳长庆和专卖店,陕西 西安
杰克丹尼Jack预调鸡尾酒威士忌可乐柠檬苹果味女士微醺330ml*6瓶,75.00元,https://picasso.alicdn.com/imgextra/O1CNA1ZAejNc1g3tSc4yIIH_!!3861224087-0-psf.jpg_580x580Q90.jpg_.webp,100+人付款,盛卫酒类专营店,上海
【RiCO联名限定】RIO锐澳预调鸡尾酒微醺3度桃花米酿低度气泡果酒,47.00元,https://g.alicdn.com/s.gif,300+人付款,锐澳长庆和专卖店,陕西 西安
rio微醺预调鸡尾酒气泡酒鸡尾酒rio锐澳整箱20罐*330ml,130.00元,https://g.alicdn.com/s.gif,43人付款,杨之甘录,上海
动力火车鸡尾酒套装苏打酒混合口味300ml*24瓶装特价促销整箱美国,155.00元,https://g.alicdn.com/s.gif,18人付款,上海齐弧实业有限公司,上海
rio鸡尾酒锐澳微醺酒果味酒锐欧整箱24罐瑞奥微熏预调酒饮料 仙醇,125.00元,https://g.alicdn.com/s.gif,53人付款,仙醇食品专营店,上海
科克兰金色玛格丽特配制酒鸡尾酒洋酒1.75L 上海Costco代购开市客,68.50元,https://g.alicdn.com/s.gif,100+人付款,美味兔进口食品特卖,上海
【RiCO联名限定】rio锐澳鸡尾酒果酒微醺桃花米酿风味330ml整箱,54.00元,https://g.alicdn.com/s.gif,300+人付款,昌盛德商贸,陕西 西安
RIO锐澳预调鸡尾酒微醺小美好3度330ml*6罐喵喵酒低度酒果酒洋酒,59.00元,https://g.alicdn.com/s.gif,3000+人付款,rio锐澳旗舰店,上海
【和路雪联名】RIO锐澳鸡尾酒预调酒微醺7口味330ml*10罐果酒,99.00元,https://g.alicdn.com/s.gif,1000+人付款,rio锐澳旗舰店,上海
【进口】fourloko四洛克预调鸡尾酒水蜜桃+草莓柠檬695ml两罐装,78.00元,https://g.alicdn.com/s.gif,200+人付款,天猫超市,上海
RIO锐澳小美好加量不加价330ml*12,99.00元,https://g.alicdn.com/s.gif,500+人付款,天猫超市,上海
RIO锐澳3度微醺5口味330ml*16果酒洋酒预调鸡尾酒量贩装整箱,158.60元,https://g.alicdn.com/s.gif,200+人付款,天猫超市,上海
RIO锐澳微醺系列7口味330ml*24果酒洋酒预调鸡尾酒,269.00元,https://g.alicdn.com/s.gif,66人付款,天猫超市,上海
RIO锐澳3.8度经典6口味275ml*12果酒洋酒预调鸡尾酒量贩装预调酒,178.00元,https://g.alicdn.com/s.gif,80人付款,天猫超市,上海
【直营】日本进口 三得利和乐怡HOROYOI洋酒预调鸡尾酒350ml*6听,99.00元,https://g.alicdn.com/s.gif,23人付款,天猫国际进口超市,浙江 杭州
【直营】日本进口和乐怡HOROYOI预调鸡尾酒乳饮料味350ml*6罐果酒,99.00元,https://g.alicdn.com/s.gif,22人付款,天猫国际进口超市,浙江 杭州
【百亿补贴】RIO锐澳清爽洋酒预调鸡尾酒330ml*10罐,58.80元,https://g.alicdn.com/s.gif,13人付款,够实汇超市,上海
可口可乐柠檬道日式柠檬气泡酒招牌柠檬配制酒330ml*6罐,59.90元,https://g.alicdn.com/s.gif,2人付款,够实汇超市,上海
乌克兰Creamel凯利梅尔桃子味朗姆预调酒鸡尾酒200ml果酒奶油酒,28.00元,https://g.alicdn.com/s.gif,0人付款,天猫国际进口超市国内现货,上海
彼得美德冰沛椰子味配制酒葡萄酒750ml鸡尾酒预调酒水德国正品,89.10元,https://g.alicdn.com/s.gif,1人付款,天猫国际进口超市国内现货,上海
RIO锐澳微醺预调鸡尾酒8度强爽330ml*8罐气泡果味酒低度少女士酒,79.60元,https://g.alicdn.com/s.gif,300+人付款,圆兔食品专营店,上海
fourloko四洛克美国原装进口预调鸡尾酒果酒配制酒斯洛克酒六罐装,234.00元,https://g.alicdn.com/s.gif,69人付款,fourloko旗舰店,上海
rio小美好酒礼盒白桃锐澳RIO微醺鸡尾预调气泡强爽女生果酒整箱,50.00元,https://g.alicdn.com/s.gif,400+人付款,归昕酒类专营店,上海
RIO乳酸菌桃花米酿锐澳低度酒热红酒微醺预调鸡尾酒整箱果酒洋酒,120.00元,https://g.alicdn.com/s.gif,100+人付款,归昕酒类专营店,上海
6瓶装正品杰克丹尼威士忌预调酒-柠檬味苹果味可乐味鸡尾酒,50.00元,https://g.alicdn.com/s.gif,200+人付款,punkhop_酒屋,上海
日本原装进口三得禾刂微醺女士果酒和乐怡低度预调鸡尾酒350ML*6,68.00元,https://g.alicdn.com/s.gif,100+人付款,韩国潇洒哥,上海
三得利气乐酒场柠檬沙瓦汽泡果酒350ml罐装日本进口气泡酒,71.00元,https://g.alicdn.com/s.gif,100+人付款,whiskyl旗舰店,江苏 苏州
进口fourloko四洛克美国原装进口预调鸡尾酒女士果酒网红酒4罐装,39.00元,https://g.alicdn.com/s.gif,100+人付款,上海鑫擎国际,上海
日本进口三得利气乐酒场 柠檬沙瓦汽泡酒350mL*6罐果酒,95.00元,https://g.alicdn.com/s.gif,100+人付款,三得利预调酒官方旗舰店,上海
RIO锐澳微醺预调鸡尾酒rio微醺锐澳瓶装洋酒果酒275ml*24罐整箱,111.40元,https://g-search2.alicdn.com/img/bao/uploaded/i4/i4/2213205951220/O1CN01uSx51f1KsnwWyUIdK_!!0-item_pic.jpg_580x580Q90.jpg_.webp,56人付款,石洱食品专营店,上海
RIO锐澳微醺鸡尾酒预调鸡尾酒330ml*8罐整箱气泡果味低度少女士酒,65.00元,https://g-search3.alicdn.com/img/bao/uploaded/i4/i4/2200606314837/O1CN01FuLj5c1lbOVRc7qG9_!!0-item_pic.jpg_580x580Q90.jpg_.webp,200+人付款,恒谦酒类专营店,上海
家庭鸡尾酒组合套装自调酒六大基酒调酒师工具配方今夜不回家包邮,375.00元,https://g-search2.alicdn.com/img/bao/uploaded/i4/i2/1826930703/O1CN01WJUyKa1H411xFOT6V_!!1826930703.jpg_580x580Q90.jpg_.webp,27人付款,qq2324661688,辽宁 沈阳
日本进口三得利Horoyoi和乐怡微醺预调鸡尾酒混合口味350ml组合装,60.00元,https://g-search1.alicdn.com/img/bao/uploaded/i4/i4/2200763051196/O1CN01gu0HWV1KhoRBMk9GD_!!0-item_pic.jpg_580x580Q90.jpg_.webp,71人付款,随猴食品专营店,上海
锐澳rio强爽500mlzero9度无糖预调鸡尾酒伏特加低度瓶装24罐果酒,89.40元,https://g-search3.alicdn.com/img/bao/uploaded/i4/i3/1711975301/O1CN01wTib2x1p1uI3BLwNN_!!1711975301.jpg_580x580Q90.jpg_.webp,44人付款,昌盛德商贸,陕西 西安
四洛克水果鸡尾酒fourloko后劲果味酒斯洛克酒fourlock酒 700ml*4,156.00元,https://g-search3.alicdn.com/img/bao/uploaded/i4/i1/2212763100879/O1CN01rVLqlm1IMcsuSUd5M_!!0-item_pic.jpg_580x580Q90.jpg_.webp,48人付款,四洛克吉阁专卖店,广东 广州
正品宵怪兽动力苏打酒整箱24瓶美国动力鸡尾香槟火车少女甜甜果酒,38.00元,https://g-search3.alicdn.com/img/bao/uploaded/i4/i3/2205795945682/O1CN01o0nmuf1rqP7ntD08t_!!2205795945682.jpg_580x580Q90.jpg_.webp,9人付款,开心酒业9,北京
RIO锐澳微醺鸡尾酒预调鸡尾酒330ml*8罐整箱气泡果味低度少女士酒,64.40元,https://g-search3.alicdn.com/img/bao/uploaded/i4/i3/2206482797585/O1CN01FkC2pg25tytpEd98X_!!0-item_pic.jpg_580x580Q90.jpg_.webp,100+人付款,rio锐澳韦易卖店,上海
进口果味烈性甜酒fourloko四洛克暗夜鸡尾酒fourlock酒斯诺克啤酒,39.00元,https://g-search2.alicdn.com/img/bao/uploaded/i4/i2/2209800551414/O1CN0107vFwB1MJem30Co1H_!!0-item_pic.jpg_580x580Q90.jpg_.webp,100+人付款,tb8797129758,北京
【正宗莫吉托】西班牙原瓶进口 预调鸡尾酒 微醺 调酒特调 mojito,95.00元,https://picasso.alicdn.com/imgextra/O1CNA1VLq49x25UKistTRs2_!!3246887529-0-psf.jpg_580x580Q90.jpg_.webp,100+人付款,伟贞酒类专营店,上海
森林先知果冻气泡酒微醺果味茶酒伏特加高颜值低度女生晚安酒6瓶,85.00元,https://g-search3.alicdn.com/img/bao/uploaded/i4/i1/2207228465131/O1CN01iQ1IyN1nm2xJRQRhU_!!0-item_pic.jpg_580x580Q90.jpg_.webp,100+人付款,森林先知旗舰店,上海
RIO锐澳强爽500ml*6罐8度柠檬卡曼橘苹果葡萄白桃低度预调鸡尾酒,57.90元,https://g-search3.alicdn.com/img/bao/uploaded/i4/i1/3368043109/O1CN01t6KPOt1Ypy6qiP7ru_!!3368043109-0-picasso.jpg_580x580Q90.jpg_.webp,100+人付款,常州耀发副食品商行,江苏 常州
rio微醺香草冰淇淋口味女士低度锐澳预调鸡尾酒330ml*24罐果味酒,15.90元,https://g-search3.alicdn.com/img/bao/uploaded/i4/i1/1711975301/O1CN01l3NRzj1p1uHkDAW43_!!1711975301.jpg_580x580Q90.jpg_.webp,100+人付款,昌盛德商贸,陕西 西安
新日期 日本进口三得利和乐怡人气缤纷6罐350mL果酒鸡尾酒新口味,105.00元,https://g-search3.alicdn.com/img/bao/uploaded/i4/i1/4118975267/O1CN01de4fk91omKoEfJRkK_!!0-item_pic.jpg_580x580Q90.jpg_.webp,51人付款,晟阳酒类专营店,福建 泉州
fourloko四洛克果酒美国进口鸡尾酒柠檬草莓特调高度果味酒3瓶装,29.00元,https://g-search3.alicdn.com/img/bao/uploaded/i4/i4/4149022803/O1CN01gJ7E2i1WZou9SePR8_!!4149022803.jpg_580x580Q90.jpg_.webp,20人付款,上海石拓酒业,上海
RIO锐澳微醺预调鸡尾酒275ml*24瓶rio一整箱低度果酒微醺少女洋酒,95.40元,https://g-search1.alicdn.com/img/bao/uploaded/i4/i4/2206482797585/O1CN01KLKGkn25tyth8eUDZ_!!0-item_pic.jpg_580x580Q90.jpg_.webp,36人付款,rio锐澳韦易卖店,上海
动力火车苏打酒整箱24瓶微醺预调鸡尾酒夜场酒吧甜甜水洋酒,59.00元,https://g.alicdn.com/s.gif,100+人付款,laoyongjie88,广西 南宁
正品香港新动力苏打酒整箱24瓶美国动力酒火车鸡尾酒果酒配制酒,68.00元,https://g.alicdn.com/s.gif,33人付款,贝城贸易,北京
RIO锐澳鸡尾酒罐装330ml*24罐3度微醺六口味组合装低度果酒预调酒,138.80元,https://g.alicdn.com/s.gif,46人付款,tb589734491,江苏 南京
RIO锐澳微醺预调鸡尾酒rio微醺锐澳瓶装洋酒果酒275ml*24罐整箱,111.40元,https://g.alicdn.com/s.gif,54人付款,薇风阁食品专营店,上海
Suntory宾三得利梅酒2L 日本原装进口洋酒青梅果酒梅酒,155.00元,https://g.alicdn.com/s.gif,100+人付款,三得利预调酒官方旗舰店,上海
响杯BUF2苏格兰威士忌零糖能量柠檬风味气泡预调酒鸡尾酒,55.98元,https://g.alicdn.com/s.gif,81人付款,乐采时光酒城,北京
rio锐澳鸡尾酒定制刻字易拉罐生日礼物送男女朋友闺蜜老公情人节,16.80元,https://g.alicdn.com/s.gif,60人付款,周思汝007,浙江 温州
美国动力火车24瓶装苏打酒低度果味威士忌预调酒鸡尾酒275ml整箱,168.00元,https://g.alicdn.com/s.gif,42人付款,龙远商贸1912,山东 济南
初气网红硬苏打预调鸡尾酒网红气泡酒微醺白桃少女水果味酒1瓶装,20.10元,https://g.alicdn.com/s.gif,3000+人付款,初气旗舰店,江苏 南京
RIO锐澳预调鸡尾酒微醺系列百香果伏特加口味330ml*24罐整箱果酒,45.00元,https://g.alicdn.com/s.gif,95人付款,玉杞儿酒类专营店,陕西 西安
晓醉气泡白酒低度起泡酒少女微醺果酒苏打晚安酒0糖0脂鸡尾苏打酒,45.90元,https://g.alicdn.com/s.gif,400+人付款,晓醉酒类旗舰店,安徽 合肥
【临期混装】浮起起泡茶酒预调鸡尾酒整箱女士低度微醺苏打气泡酒,119.00元,https://g.alicdn.com/s.gif,400+人付款,浮起旗舰店,湖北 武汉
RIO锐澳预调鸡尾酒15种口味量贩组合装少女酒微醺330ml*30罐果酒,225.00元,https://g.alicdn.com/s.gif,21人付款,玉杞儿酒类专营店,陕西 西安
RIO锐澳微醺预调鸡尾酒275ml*24瓶rio一整箱低度果酒微醺少女洋酒,99.00元,https://g.alicdn.com/s.gif,48人付款,恒谦酒类专营店,上海
RIO锐澳预调鸡尾酒rio微醺瓶装洋酒3度果酒乳酸菌330ml*8罐整箱,88.00元,https://g.alicdn.com/s.gif,100+人付款,薇风阁食品专营店,上海
RIO锐澳预调鸡尾酒微醺小美好清爽强爽358度330ml*28罐低度果酒,250.00元,https://g.alicdn.com/s.gif,400+人付款,rio锐澳旗舰店,上海
RIO锐澳预调鸡尾酒8度强爽8度500ml*6罐气泡酒低度酒伏特加基酒,89.00元,https://g.alicdn.com/s.gif,700+人付款,rio锐澳旗舰店,上海
RIO锐澳3度微醺5口味330ml*24果酒洋酒预调鸡尾酒量贩装整箱,237.60元,https://g.alicdn.com/s.gif,60人付款,天猫超市,上海
可口可乐柠檬道气泡酒日式招牌柠檬配制酒礼盒装330ml*6罐5.6%vol,79.80元,https://g.alicdn.com/s.gif,100+人付款,天猫超市,上海
RIO锐澳鸡尾酒小美好5口味330ml*8,57.60元,https://g.alicdn.com/s.gif,300+人付款,天猫超市,上海
可口可乐柠檬道日式柠檬气泡酒盐柠檬配制酒330ml*6罐,79.80元,https://g.alicdn.com/s.gif,100+人付款,天猫超市,上海
RIO锐澳3.8度经典6口味275ml*24果酒洋酒预调鸡尾酒量贩装预调酒,396.00元,https://g.alicdn.com/s.gif,26人付款,天猫超市,上海
【直营】日本三得利和乐怡鸡尾酒白桃乳饮料味350mL*6罐果酒正品,99.00元,https://g.alicdn.com/s.gif,17人付款,天猫国际进口超市,浙江 杭州
乌克兰Creamel凯利梅尔四种口味鸡尾酒朗姆酒混合8瓶装聚会微醺,188.00元,https://g.alicdn.com/s.gif,2人付款,天猫国际进口超市,浙江 杭州
可口可乐柠檬道日式柠檬气泡酒混合口味低度酒330ml*3,29.90元,https://g.alicdn.com/s.gif,4人付款,够实汇超市,上海
RIO锐澳鸡尾酒女生酒微醺小美好5口味330ml*8罐,57.60元,https://g.alicdn.com/s.gif,4人付款,够实汇超市,上海
彼得美德几米巧克力酒配制酒红葡萄酒750ml红酒瓶装进口德国正品,188.10元,https://g.alicdn.com/s.gif,0人付款,天猫国际进口超市国内现货,上海
新品RIO微醺小美好系列锐澳鸡尾酒rio整箱微醺单口味330ml*20罐,198.00元,https://g.alicdn.com/s.gif,64人付款,归昕酒类专营店,上海
(RiCO潮玩联名）锐澳鸡尾酒桃花米酿rio微醺气泡鸡尾酒少女果酒,57.00元,https://g-search2.alicdn.com/img/bao/uploaded/i4/i1/2207517500799/O1CN01UcLu751HlzCPJ0YDo_!!0-item_pic.jpg_580x580Q90.jpg_.webp,200+人付款,归昕酒类专营店,上海
RIO春季限定桃花米酿微醺鸡尾酒果酒微醺混合口味330ml整箱24罐,188.00元,https://g-search2.alicdn.com/img/bao/uploaded/i4/i1/1711975301/O1CN01YkLwPN1p1uI4qFWW3_!!1711975301.jpg_580x580Q90.jpg_.webp,14人付款,昌盛德商贸,陕西 西安
rio鸡尾酒桃花米酿香草冰淇淋锐澳微醺果酒微醺少女酒百香果罐装,94.80元,https://g-search1.alicdn.com/img/bao/uploaded/i4/i4/1711975301/O1CN01wgLso91p1uHj1EysC_!!1711975301.jpg_580x580Q90.jpg_.webp,87人付款,昌盛德商贸,陕西 西安
RIO锐澳鸡尾酒六口味混合装275ml*6瓶经典预调酒果酒促销装,65.80元,https://g-search3.alicdn.com/img/bao/uploaded/i4/i3/694732853/O1CN01yEqF8v1WwihwEpBoz_!!694732853.jpg_580x580Q90.jpg_.webp,33人付款,白石挖宝,江苏 镇江
rio锐澳鸡尾酒微醺酒果味酒锐欧饮料瑞奥预调酒果酒330ml*6罐整箱,64.80元,https://g-search3.alicdn.com/img/bao/uploaded/i4/i1/2211667853068/O1CN01S8soQD1YXBpyujaMj_!!0-item_pic.jpg_580x580Q90.jpg_.webp,100+人付款,大鹏湾酒类专营店,上海
WiMo葡萄酒特调果酒鸡尾低度气泡酒桑格利亚甜酒微醺女士莫斯卡托,16.90元,https://picasso.alicdn.com/imgextra/O1CNA13Pvn8P2FKOHgNscBu_!!2212429758861-0-psf.jpg_580x580Q90.jpg_.webp,600+人付款,葡刻旗舰店,江苏 无锡
24瓶装预调鸡尾酒洋酒低度水果味酒275ml包邮,58.80元,https://g-search3.alicdn.com/img/bao/uploaded/i4/i4/2529603409/O1CN01bExNWy1b3Ml6oHMbp_!!2529603409.jpg_580x580Q90.jpg_.webp,100+人付款,正品良心酒,河北 秦皇岛
淡真0糖苏打果味气泡酒起泡果酒微醺酒饮料鸡尾酒女士低度预调酒,59.80元,https://g-search1.alicdn.com/img/bao/uploaded/i4/i1/2211621531849/O1CN01MT6EQp1PWt4OO9mC1_!!0-item_pic.jpg_580x580Q90.jpg_.webp,100+人付款,淡真旗舰店,浙江 嘉兴
Rekorderlig cider瑞可德林西打酒瑞典进口女士甜果酒网红鸡尾酒,100.00元,https://g-search1.alicdn.com/img/bao/uploaded/i4/i1/2777705539/O1CN01laVUJv1qmuTcLjt7J_!!2777705539.jpg_580x580Q90.jpg_.webp,66人付款,tracy_cui201,广东 深圳
三得利和乐怡人气缤纷6罐350mL网红预调酒果酒低度酒,95.00元,https://g-search3.alicdn.com/img/bao/uploaded/i4/i2/2207612002701/O1CN01X7VaLK1Vp6WBvLE5Y_!!0-item_pic.jpg_580x580Q90.jpg_.webp,200+人付款,三得利预调酒官方旗舰店,上海
RIO锐澳鸡尾酒330ml*6瓶升级版细罐 白桃白兰地3度女生微醺果酒,29.90元,https://g-search3.alicdn.com/img/bao/uploaded/i4/i1/1932325840/O1CN010VyRpI1t0lhNlrNXi_!!1932325840.jpg_580x580Q90.jpg_.webp,200+人付款,春夏秋冬辉,江苏 南京
动力火车苏打气泡酒预调鸡尾酒尝鲜12瓶套装*6种口味300ml,138.00元,https://g-search2.alicdn.com/img/bao/uploaded/i4/i4/2208223981945/O1CN01KaTfTd1QEr4bU4STk_!!2208223981945.jpg_580x580Q90.jpg_.webp,29人付款,动力火车品牌店,广东 广州
冬季限定RIO锐澳鸡尾酒女生晚安酒微醺圣诞星愿热红酒330ml整箱装,45.00元,https://g-search2.alicdn.com/img/bao/uploaded/i4/i4/2200593429899/O1CN01viqTXL2MznOTQbebC_!!0-item_pic.jpg_580x580Q90.jpg_.webp,100+人付款,玉杞儿酒类专营店,陕西 西安
【官方直营】百加得预调鸡尾酒调酒莫吉托酒Mojito洋酒700ml,113.00元,https://g-search3.alicdn.com/img/bao/uploaded/i4/i2/2206599271865/O1CN01LzpMkB1PeDPO2B5s2_!!2-item_pic.png_580x580Q90.jpg_.webp,71人付款,bacardi百加得旗舰店,江苏 苏州
正品DANKE七口颠壳弹壳预调鸡尾酒加强版鸡尾酒16支整盒混合装,158.00元,https://g-search3.alicdn.com/img/bao/uploaded/i4/i3/1710619386/TB2Eh.GXXuWBuNjSszbXXcS7FXa_!!1710619386.jpg_580x580Q90.jpg_.webp,17人付款,无语小钊钊,广东 珠海
整箱杰克丹尼威士忌预调酒-柠檬味鸡尾酒330ml*24瓶,260.00元,https://g-search3.alicdn.com/img/bao/uploaded/i4/i1/931697360/O1CN01FcJA4D24Evmy1y43I_!!931697360-0-picasso.jpg_580x580Q90.jpg_.webp,21人付款,上海前红酒业,上海
十点一刻苏打气泡酒无糖0脂果酒预调酒微醺酒果味8口味330ml*8罐,76.00元,https://g.alicdn.com/s.gif,62人付款,十点一刻旗舰店,上海
香港新动力火车*24瓶整箱装3.5度夜店ktv同款鸡尾酒多种口味可选,88.90元,https://g.alicdn.com/s.gif,47人付款,吕东255,广西 玉林
日本进口三得利和乐怡网红低度预调鸡尾酒 冰柠茶味350mL*6罐装,95.00元,https://g.alicdn.com/s.gif,300+人付款,三得利预调酒官方旗舰店,上海
RIO锐澳鸡尾酒8度强爽伏特加瓶装苹果500ml低度气泡果酒低糖整箱,58.60元,https://g.alicdn.com/s.gif,70人付款,酒太公企业店,陕西 咸阳
微醺香港动力火车鸡尾酒苏打酒3.5度275ml*整箱24瓶装低度酒正品,86.59元,https://g.alicdn.com/s.gif,35人付款,吕东255,广西 玉林
微醺鸡尾酒动力苏打酒整箱甜酒少女预调酒玻璃瓶果酒酒洋酒网红酒,29.90元,https://g.alicdn.com/s.gif,85人付款,嘉康贸易实业,广东 广州
RIO锐澳鸡尾酒套装预调酒果酒洋酒经典275ml*6瓶正品整箱24瓶,103.40元,https://g.alicdn.com/s.gif,22人付款,至梵旗舰店,上海
【24瓶整箱特惠】RTO欧蔓莎鸡尾酒洋酒果酒女生低度甜酒瓶装275ml,108.00元,https://g.alicdn.com/s.gif,51人付款,宋凤锐,河南 郑州
【推荐】WAT玫瑰茄口味鸡尾酒小方瓶100ml 蔓越莓低度酒女士x1瓶,48.00元,https://g.alicdn.com/s.gif,19人付款,watisgood旗舰店,上海
rio锐澳微醺鸡尾酒330ml*10罐预调酒百香果伏特加白兰地果酒正品,49.00元,https://g.alicdn.com/s.gif,100+人付款,亨利摩根旗舰店,江苏 泰州
鸡尾酒自调组合小瓶六大基酒套装送调酒师工具包邮今夜不回家配方,149.00元,https://g.alicdn.com/s.gif,32人付款,qq2324661688,辽宁 沈阳
RIO锐澳鸡尾酒微醺3度330ml*6罐混合口味果酒预调酒女生小甜酒,34.80元,https://g.alicdn.com/s.gif,100+人付款,白石挖宝,江苏 镇江
RIO锐澳鸡尾酒星愿热红酒微醺330ml*12罐果酒生日聚会女生小甜酒,71.80元,https://g.alicdn.com/s.gif,79人付款,tb978376956,安徽 合肥
六罐美国 four loko 4四洛克高度烈性斯诺克鸡尾酒网红啤酒 女士,39.00元,https://g.alicdn.com/s.gif,25人付款,刘小酒77,山东 济宁
RIO锐澳预调鸡尾酒微醺系列乐橘乌龙330ml*24罐整箱果茶乐趣小酒,45.00元,https://g.alicdn.com/s.gif,88人付款,玉杞儿酒类专营店,陕西 西安
[直播]百威浮起起泡茶酒预调鸡尾酒女士微醺低度苏打气泡茶酒3罐,39.90元,https://g.alicdn.com/s.gif,500+人付款,浮起旗舰店,湖北 武汉
RIO锐澳微醺预调鸡尾酒rio草莓乳酸菌罐装洋酒果酒330ml罐整箱,65.00元,https://g.alicdn.com/s.gif,92人付款,圆兔食品专营店,上海
RIO锐澳鸡尾酒刻字定制易拉罐礼盒送老公男朋友生日礼物DIY纪念日,28.80元,https://g.alicdn.com/s.gif,51人付款,周思汝007,浙江 温州
【6瓶装】杰克丹尼威士忌预调鸡酒尾酒苹果可乐柠檬味330ml鸡尾酒,19.00元,https://g.alicdn.com/s.gif,74人付款,欧皇酒类专营店,上海
red鸡尾酒整箱24瓶装微醺起泡无糖果酒果味少女低度初气气泡甜酒,48.00元,https://g.alicdn.com/s.gif,40人付款,四川美九9,河北 秦皇岛
【划算装】HIBANG威士忌果味气泡酒7度鸡尾酒低卡低糖微醺果酒6罐,85.00元,https://g.alicdn.com/s.gif,100+人付款,hibang旗舰店,上海
RIO锐澳新品微醺小美好系列预调鸡尾酒洋酒3度5口味330ml*6罐整箱,54.00元,https://g.alicdn.com/s.gif,100+人付款,rio锐澳尚瑞专卖店,江苏 苏州
RIO锐澳鸡尾酒3度微醺330ml*6罐预调酒节日生日聚会女生小甜酒,34.80元,https://g.alicdn.com/s.gif,100+人付款,tb589734491,江苏 南京
GTUN鸡尾酒蜜桃金预调酒果酒200ml气泡酒玻尿酸微醺低糖低脂低卡,11.90元,https://g.alicdn.com/s.gif,1000+人付款,gtun旗舰店,湖北 武汉
RIO锐澳预调鸡尾酒微醺小美好3度330ml*10罐果酒低度女士气泡酒,99.00元,https://g.alicdn.com/s.gif,1000+人付款,rio锐澳旗舰店,上海
RIO锐澳预调鸡尾酒玻璃霓虹标经典系列275ml*24瓶整箱洋酒果酒,379.00元,https://g.alicdn.com/s.gif,100+人付款,rio锐澳旗舰店,上海
RIO锐澳新清爽三罐装330ml×3鸡尾酒,40.00元,https://g.alicdn.com/s.gif,43人付款,天猫超市,上海
三得利和乐怡HOROYOI日本进口鸡尾酒白桃味6罐装微醺果酒,99.00元,https://g.alicdn.com/s.gif,100+人付款,天猫超市,上海
RIO锐澳强爽8度4口味500ml*6罐新口味装果酒洋酒预调鸡尾酒预调酒,108.00元,https://g-search2.alicdn.com/img/bao/uploaded/i4/i3/6000000005551/O1CN01iCn8lX1qsPIgbU1yw_!!6000000005551-0-picassoopen.jpg_580x580Q90.jpg_.webp,95人付款,天猫超市,上海
可口可乐柠檬道日式柠檬气泡330ML*6混合口味低度酒,79.80元,https://g-search3.alicdn.com/img/bao/uploaded/i4/i2/6000000001006/O1CN01R1lJPQ1JInAwgVXHC_!!6000000001006-0-picassoopen.jpg_580x580Q90.jpg_.webp,100+人付款,天猫超市,上海
可口可乐柠檬道气泡酒日式柠檬蜂蜜配制酒礼盒装330ml*6罐3.4%Vol,79.80元,https://g-search3.alicdn.com/img/bao/uploaded/i4/i1/6000000001456/O1CN01zIRjFn1MctPT0S0mh_!!6000000001456-0-picassoopen.jpg_580x580Q90.jpg_.webp,100+人付款,天猫超市,上海
Creamel凯利梅尔奶油预调酒鸡尾酒200ml*3瓶装朗姆酒利口酒草莓,69.90元,https://g-search1.alicdn.com/img/bao/uploaded/i4/i1/2549841410/O1CN010VTMyN1MHpCGAKSiY_!!2549841410-0-sm.jpg_580x580Q90.jpg_.webp,9人付款,天猫国际进口超市,浙江 杭州
【直营】日本进口和乐怡鸡尾酒女士低度酒白桃气泡350mL*6罐果酒,99.00元,https://g-search3.alicdn.com/img/bao/uploaded/i4/i4/2549841410/O1CN01mWV17b1MHpCKpxhbs_!!2549841410-0-sm.jpg_580x580Q90.jpg_.webp,4人付款,天猫国际进口超市,浙江 杭州
RIO锐澳鸡尾酒果酒微醺小美好喵喵酒6口味330ml*10罐,72.00元,https://g-search3.alicdn.com/img/bao/uploaded/i4/i1/6000000000829/O1CN01QqYYh51Hzj4sMeiWV_!!6000000000829-0-picassoopen.jpg_580x580Q90.jpg_.webp,7人付款,够实汇超市,上海
RIO锐澳强爽8度4口味500ml*6罐新口味量贩装果酒洋酒预调鸡尾酒,89.60元,https://g-search3.alicdn.com/img/bao/uploaded/i4/i1/6000000005827/O1CN01d8EBgp1suoc3QV9vn_!!6000000005827-0-picassoopen.jpg_580x580Q90.jpg_.webp,1人付款,够实汇超市,上海
rio鸡尾酒葡萄白兰地预调酒果酒低度酒少女微醺330ml*24罐整箱装,45.00元,https://g-search1.alicdn.com/img/bao/uploaded/i4/i4/1711975301/O1CN01v98qwM1p1uHkvFYpO_!!1711975301.jpg_580x580Q90.jpg_.webp,100+人付款,昌盛德商贸,陕西 西安
rio锐澳预调鸡尾酒微醺百香果果酒低度口味330ml*24瓶装罐装整箱,60.00元,https://g-search2.alicdn.com/img/bao/uploaded/i4/i4/1711975301/O1CN01MtIvnx1p1uHejaLa5_!!1711975301.jpg_580x580Q90.jpg_.webp,78人付款,昌盛德商贸,陕西 西安
RIO锐澳微醺预调鸡尾酒罐装整箱果酒少女鸡尾酒锐澳整箱24*330ml,204.00元,https://g-search1.alicdn.com/img/bao/uploaded/i4/i2/2207517500799/O1CN01blQcJE1HlzCO68PQd_!!0-item_pic.jpg_580x580Q90.jpg_.webp,44人付款,归昕酒类专营店,上海
【RICO联名限定】RIO桃花米酿锐澳预调鸡尾酒微醺组合装低度果酒,45.00元,https://g-search3.alicdn.com/img/bao/uploaded/i4/i2/2200593429899/O1CN01Mg3nbJ2MznOclGOpu_!!0-item_pic.jpg_580x580Q90.jpg_.webp,100+人付款,玉杞儿酒类专营店,陕西 西安
RIO锐澳预调鸡尾酒微醺系列玫瑰荔枝白兰地口味330ml*6罐整箱果酒,45.00元,https://g-search1.alicdn.com/img/bao/uploaded/i4/i2/2200593429899/O1CN01pAgMVW2MznOYvEfzT_!!0-item_pic.jpg_580x580Q90.jpg_.webp,64人付款,玉杞儿酒类专营店,陕西 西安
RIO锐澳微醺预调鸡尾酒清爽热红酒低度果酒少女洋酒饮料冬季限定,54.00元,https://g-search3.alicdn.com/img/bao/uploaded/i4/i4/3546765438/O1CN01ITsD401q2eY2FTw0n_!!0-item_pic.jpg_580x580Q90.jpg_.webp,100+人付款,锐澳师捷专卖店,上海
RIO锐澳鸡尾酒套装预调酒果酒洋酒3度乳酸菌风味330ml*8罐正品,80.00元,https://g-search2.alicdn.com/img/bao/uploaded/i4/i2/2206482797585/O1CN01EcKv5O25tytlZFeXp_!!0-item_pic.jpg_580x580Q90.jpg_.webp,93人付款,rio锐澳韦易卖店,上海
RIO微醺锐澳小美好新年限定鸡尾酒预调酒套装洋酒果酒330ml整箱,54.00元,https://g-search3.alicdn.com/img/bao/uploaded/i4/i3/2207524466216/O1CN01sGqSNl1vmygWE6zUx_!!0-item_pic.jpg_580x580Q90.jpg_.webp,100+人付款,rio锐澳尚瑞专卖店,江苏 苏州
6罐魅口MiKO鸡尾酒套装低度甜网红小酒微醺预调风味整箱官方旗舰,26.80元,https://g-search3.alicdn.com/img/bao/uploaded/i4/i1/2206502091742/O1CN015aVYLC1OjsdLY12CZ_!!0-item_pic.jpg_580x580Q90.jpg_.webp,200+人付款,奥古斯汀食品专营店,四川 成都
8瓶装预调鸡尾酒【送开瓶器】水果味酒女士酒低度酒微醺酒蒙砂瓶M,59.90元,https://g.alicdn.com/s.gif,400+人付款,优优酿品酒类专营店,河北 秦皇岛
动力之夜超能派对鸡尾酒火车3.5度苏打酒夜店partysuper酒吧24瓶,88.00元,https://g.alicdn.com/s.gif,3人付款,_燕子窝_,天津
RIO锐澳鸡尾酒罐装白桃白兰地风味330ml*6罐3度微醺预调酒低度,36.80元,https://g.alicdn.com/s.gif,100+人付款,tb589734491,江苏 南京
RIO锐澳8度强微醺预调鸡尾酒白桃葡萄柠檬当红洋酒整箱低度果酒,96.40元,https://g.alicdn.com/s.gif,51人付款,锐澳师捷专卖店,上海
WAT小方瓶预调鸡尾酒 白兰地葡萄柚酒威士忌女士微醺果味茶酒x3瓶,145.00元,https://g.alicdn.com/s.gif,29人付款,watisgood旗舰店,上海
【临期3罐赠3罐】预调鸡尾酒起泡酒低卡女士微醺气泡酒甜果酒3罐,39.90元,https://g.alicdn.com/s.gif,1000+人付款,浮起旗舰店,湖北 武汉
美国动力苏打酒火车鸡尾酒预配调制3.5度275ml*24瓶整箱包邮,89.00元,https://g.alicdn.com/s.gif,17人付款,陆地贸易,山东 临沂
8瓶装8款口味伏特加预调鸡尾酒275ml低度果味酒【厂家直供】整箱,18.90元,https://g.alicdn.com/s.gif,200+人付款,正品良心酒,河北 秦皇岛
潘果预调鸡尾酒水果味微醺123系列莫吉托4度朗姆酒低度果酒气泡酒,45.00元,https://g.alicdn.com/s.gif,42人付款,潘果旗舰店,山东 青岛
